Date/Hour,1h,2h,3h,4h,5h,6h,7h,8h,9h,10h,11h,12h,13h,14h,15h,16h,17h,18h,19h,20h,21h,22h,23h,24h,__/th>,__th>,__/th>
20240301,107.39,95.3,87.89,0,0,0,111.4,0,111.67,109.57,0,99.15,0,95.91,95.91,98.25,100.21,128.34,109.57,109.83,109.83,110.35,112.19,112.19,128.34,0,81.93
20240302,138.5,99.48,95.38,91.24,91.24,134.65,99.48,135.15,135.71,104.14,138.5,95.88,95.22,95.88,99.48,100.55,250.6,136.96,168.45,225.05,225.05,168.45,207.57,247.14,250.6,91.24,143.65
20240303,321.47,100.21,82.66,82.66,82.66,99.15,165.83,169.56,95.99,107.39,100.21,104.76,95.93,95.93,95.68,95.7,250.09,137.03,169.72,170.95,171.26,175.61,175.61,170.79,321.47,82.66,140.8
20240304,168.3,86.82,80.97,80.97,80.97,81.81,166.81,309.13,173.82,175.21,167.28,167.28,146.22,150.25,149.63,167,167,169.11,167.17,313.62,169.85,255.37,137.23,107.12,313.62,80.97,163.17
20240305,100.13,94.8,94.8,94.8,94.8,94.8,105.85,107.38,226.38,230.01,226.38,230.01,146.27,170.63,162.57,167,162.57,153.8,153.56,148.78,153.56,175.87,131.23,131.19,230.01,94.8,150.85
20240306,164.31,164.31,164.31,164.31,164.31,164.31,164.31,164.31,171.11,172.44,165.47,165.47,163.86,163.86,163.86,163.86,163.86,163.86,164.31,164.31,164.31,164.31,164.31,164.31,172.44,163.86,164.96
20240307,107.31,94.48,90.83,90.83,90.83,95,108.17,108.69,170.95,179.82,134.97,165.47,154.48,159.69,154.67,145.83,166.64,166.64,166.82,145.07,148.6,139.29,131.2,131.94,179.82,90.83,136.38
20240308,108.22,99.07,94.56,90.83,94.55,95.86,109.48,139.5,167.4,171.52,168.51,158.96,152.91,159.69,159.69,159.69,153.07,167.22,150.75,145.67,142.91,108.69,109.48,120.38,171.52,90.83,134.9
20240309,169.62,110.46,110.46,109.16,110.73,110.73,157.36,158.88,110.73,110.46,100.55,-1,-50,-50,95.43,95.96,107.57,154.25,154.27,156.13,159.46,159.97,167.01,166.69,169.62,-50,117.64
20240310,156.87,154.76,110.09,142.5,110.35,170.09,170.09,170.09,110.09,91.64,91.77,91.28,91.29,6.93,82.66,91.5,93.74,161.39,166.08,255.59,255.59,166.38,166.38,166.38,255.59,6.93,142.49
20240311,170.75,132.75,168.63,136.34,84.24,84.24,137.61,134.77,163.58,177.79,168.28,153.78,153.48,153.69,153.74,162.68,153.74,167.62,167.62,167.62,167.62,167.62,167.62,167.47,177.79,84.24,153.4
20240312,167.14,162.59,107.12,145.16,145.16,145.16,149.52,169.25,169.05,169.05,172.8,168.38,160.21,160.3,159.57,157.72,158.89,159.79,160.21,160.21,154.56,152.75,158.79,158.81,172.8,107.12,157.4
20240313,170.72,107.91,107.91,108.17,108.17,108.69,152.91,156.49,160.34,172.97,165.07,167.95,0,156.49,156.49,156.49,156.81,171.96,170.1,170.1,170.1,151.35,151.33,165.74,172.97,0,145.89
20240314,128.74,117.07,107.31,103.63,107.4,129.19,130.62,170.72,171.96,168.3,159.69,146.76,141.76,141.76,141.73,141.73,140.55,164.6,169.17,329.89,169.92,169.14,166.26,166.26,329.89,103.63,156.42
20240315,165.97,164.73,162.57,160.33,160.09,143.38,163.62,162.52,162.35,150.18,146.39,148.62,99.07,97.01,100.77,131.45,142.54,164.03,168.1,169.84,281.19,169.84,166.18,154.94,281.19,97.01,158.79
20240316,165.98,155.71,155.71,144.15,169.34,169.34,169.34,154.82,117.62,106.25,99.48,0,100.55,0,104.91,99.48,250.03,133.44,167.94,170.92,170.44,169.16,169.16,169.16,250.03,0,142.35
20240317,141.97,106.51,95.97,250.03,253.57,128.43,144.2,137.97,99.15,144,93.07,105.37,116.59,91.76,100.21,91.41,91.41,144.2,133.04,133.54,160.68,160.64,160.6,160.53,253.57,91.41,135.4
20240318,124.98,146.57,86.3,86.3,86.3,94.53,109.22,144.56,146.19,170.03,169.72,154.46,146.17,154.43,146.17,153.26,162.51,146.17,168.89,168.89,168.89,167.64,165.97,165.97,170.03,86.3,143.87
20240319,124.24,158.67,101.77,101.77,101.77,158.67,167.09,167.09,165.22,166.91,154.48,154.48,145.91,0,0,153.28,145.92,146.58,148.67,148.93,147.72,147.03,151.27,151.28,167.09,0,136.29
20240320,124.24,107.31,103.39,103.32,103.63,118.48,125.91,129.18,0,0,-19,-77.94,-77.94,-77.94,-76.38,0,125.62,125.62,146.98,147.59,147.64,147.69,152.99,153,153,-77.94,81.44
20240321,127.41,108.69,103.53,103.34,107.31,127.59,127.59,255.56,148.94,146.86,151.23,150.46,126.25,147.14,149.42,149.29,149.29,145.9,168.52,171.02,174.63,169.77,172.27,166.38,255.56,103.34,149.43
20240322,168.26,162.35,121.65,121.65,153.45,153.6,156.03,156.92,155.27,155.08,0,-19,-77.94,-25.98,0,153.27,153.28,153.28,153.28,153.4,153.4,153.46,153.57,160.11,168.26,-77.94,122.88
20240323,158.33,156.67,124.91,120.02,139.13,156.68,156.69,156.69,157.19,105.68,126.62,127.32,100.55,105.24,104.91,95.27,251.38,104.76,169.81,157.4,169.81,169.81,169.81,169.81,251.38,95.27,145.02
20240324,158.08,158.08,133.94,100.21,104.62,125.92,135.54,122.6,95.83,100.21,100.21,96.49,95.77,95.77,95.42,91.38,95.47,104.78,136.79,134.01,134.27,135.66,135.69,134.14,158.08,91.38,118.02
20240325,143.15,105.24,105.24,105.24,105.24,105.24,156.31,165.27,167.94,208.14,167.94,156.2,150.87,162.11,162.33,162.39,156.2,156.2,162.11,156.21,156.15,153.07,153.02,152.89,208.14,105.24,150.23
20240326,166.45,250.73,249.71,143.35,143.35,143.35,143.35,153.24,159.51,203.29,159.51,154.11,119.5,153.92,154.1,154.1,154.11,159.51,165.9,165.9,159.51,169.72,169.72,169.72,250.73,119.5,165.25
20240327,149.86,143.75,135.94,157.02,157.02,143.75,151.82,151.81,155.71,171.91,159.69,159.29,0,0,160.09,168.71,171.24,164.81,171.48,171.48,171.48,171.48,151.77,153.69,171.91,0,147.92
20240328,143.55,119.97,119.97,119.97,119.97,119.97,155.96,153.23,155.96,167.81,158.88,158.88,155.76,158.88,159.69,171.06,168.38,168.38,168.56,168.56,155.05,150.35,151.71,153.22,171.06,119.97,152.23
20240329,146.02,120.07,120.07,157.53,157.7,120.07,156.03,156.67,156.38,0,-77.94,-77.94,-77.94,-77.94,-19,0,153.27,148.37,153.28,153.28,157.16,157.03,155.96,156.04,157.7,-77.94,99.34
20240330,165.59,164.43,255.56,135.09,136.92,156.46,165.59,126.58,112.28,112.28,0,-77.94,-77.94,-38,0,100.55,102.33,135.99,169.78,169.78,168.72,168.9,168.9,168.9,255.56,-77.94,117.54
20240331,156.05,156.05,156.05,156.25,156.25,156.25,175.79,175.79,156.05,155.65,155.65,155.65,155.65,142.19,142.19,155.65,155.65,155.65,171.57,170.06,172.53,176.1,171.34,172.81,176.1,142.19,161.12
20240401,159.31,95.81,159.82,154.16,154.17,160.41,123.99,153.65,158.52,157.81,117.4,0,-79.32,-79.32,-1.4,110.39,120.06,152.36,202.82,156.01,156.01,154.91,154.98,154.98,202.82,-79.32,121.45
20240402,144.71,144.71,144.71,144.71,144.71,144.71,159.73,163.03,159.54,162.75,154.79,144.15,144.15,144.34,156.07,159.15,159.15,159.15,147.63,147.14,159.54,159.54,159.54,141.96,163.03,141.96,152.25
20240403,144.25,158.23,144.25,144.25,144.44,144.44,144.25,158.23,158.04,162.45,163.37,157.66,157.66,157.66,157.66,160.71,157.66,157.66,158.04,158.04,158.04,158.04,158.04,158.04,163.37,144.25,155.34
20240404,153.98,153.76,144.31,144.31,144.31,153.98,153.98,157.28,157.09,162.45,157.09,156.71,156.71,156.71,156.71,162.45,156.71,156.71,157.09,162.45,157.09,157.09,157.09,157.09,162.45,144.31,155.76
20240405,157.01,157.01,103.65,95.35,102.33,104.4,157.31,157.31,156.96,159.4,151.92,151.38,123.49,150.26,150.26,155.9,155.9,154.51,156.28,156.47,156.54,156.54,156.68,156.28,159.4,95.35,146.18
20240406,144.19,144.19,158.75,144.19,144.19,144.19,144.19,144.19,144,143.82,143.45,143.45,143.45,143.45,143.45,143.45,143.45,159.22,160.45,161.53,161.53,144,161.25,161.39,161.53,143.45,149.12
20240407,144.46,144.46,144.46,144.46,144.46,144.46,159.27,144.46,144.09,143.72,130.96,130.78,130.78,143.34,143.53,143.53,143.53,161.52,162.56,143.9,163.68,163.24,160.76,144.09,163.68,130.78,147.4
20240408,152.16,157.62,153.27,86.38,151.89,152.35,157.91,159.38,162.45,161.05,158.2,157.21,153.57,157.58,157.58,158.15,158.86,162.45,158.5,137.16,141.61,132.51,129.76,129.76,162.45,86.38,149.65
20240409,101.22,127.4,125.4,124.66,87.05,125.52,126.78,131.85,144.51,144.45,136.64,133.59,113.17,129.76,133.59,133.59,133.59,150.87,151.9,155.58,136.88,131.6,129.76,129.76,155.58,87.05,131.49
20240410,117.35,102.4,126.01,124.27,124.47,157.44,157.44,157.44,110.38,0,150.28,0,0,143.15,115.93,137.44,109.98,212.95,206.64,156.87,156.88,156.65,156.65,142.26,212.95,0,130.99
20240411,102.01,96.31,86.93,85.92,86.93,96.31,102.32,113.53,158.09,164.2,137.28,141.68,117.79,144.41,117.79,143.55,117.79,151.9,153.93,154.32,154.32,153,213.13,157.57,213.13,85.92,133.34
20240412,202.09,150.99,87.57,87.34,87.57,95.88,145.92,101.85,137.41,148.26,142.3,142.3,119.09,119.09,119.09,119.09,116.23,97.41,98.42,127.01,99.18,99.44,156.86,157.95,202.09,87.34,123.16
20240413,154.79,92.86,151.93,150.28,86.9,100.94,101.13,92.86,96.25,98.07,98.09,0,96.23,95.49,95.65,96.38,97.68,97.82,127.12,153.96,154.02,153.55,154.52,153.7,154.79,0,115.21
20240414,158.4,94.96,86.66,86.65,86.68,100.28,99.37,94.77,95.19,98.75,97.48,97.23,94.12,94.57,95.51,118.2,118.2,139.73,119,141.75,139.71,119.84,119.08,124.7,158.4,86.65,110.89
20240415,98.68,92.47,85.9,85.65,85.9,85.9,92.5,113.47,155.27,188.14,188.25,154.15,137.15,143.08,146.89,146.73,150.96,192.48,200.64,321.33,202.95,198.36,206.11,193.35,321.33,85.65,158.47
20240416,200.55,152.25,152.97,151.99,99.29,101.47,115.89,152.27,152.07,152.25,142.99,142.75,0,137.15,137.28,141.79,141.55,137.12,138.79,155.96,154.5,154.5,154.5,154.33,200.55,0,140.11
20240417,116.28,116.28,111.46,103.31,109.1,111.58,111.46,143.54,143.61,144.31,142.71,133.41,114.46,128.88,133.41,133.41,129.77,132.9,139.01,147.28,147.4,145.84,143.61,143.61,147.4,103.31,130.7
20240418,116.23,95.91,95.64,95.83,132.03,116.28,116.18,113.47,146.69,135.68,135.68,0,-0.11,0,135.51,135.51,136.29,138.47,140.08,142.61,146.71,155.12,155.4,130.45,155.4,-0.11,116.89
20240419,116.23,96.19,125.43,85.93,126.07,123.44,101.47,113.62,122.65,113.59,97.3,-39.66,-51.27,96.88,97.28,102.48,116.93,129.68,120.65,138.57,138.54,138.48,117.84,121.37,138.57,-51.27,105.93
20240420,120.95,93.46,92.38,92.86,130.92,130.92,130.92,130.92,130.92,130.92,131.11,130.92,130.92,130.92,160.7,160.7,160.7,156.58,158.23,162.63,158.5,158.5,158.5,119.26,162.63,92.38,137.25
20240421,131.15,131.15,131.33,131.33,131.33,131.33,131.33,131.33,131.33,131.15,131.15,130.96,130.96,130.96,130.96,130.96,130.96,144.35,144.35,144.53,144.53,127.99,125.6,117.88,144.53,117.88,132.62
20240422,131.48,131.29,131.1,131.29,131.1,131.1,131.1,131.1,146.78,145.37,145.25,140.31,130.73,138.58,141.54,142.25,142.31,142.78,156.03,156.23,156.23,155.32,155.32,142.12,156.23,130.73,141.72
20240423,159.63,131.48,131.48,131.48,131.48,131.48,141.65,141.81,188.25,142.15,133.68,134.53,130.92,133.68,136.09,141.62,146.73,154.64,160.42,158.55,157.47,156.57,156.57,156.29,188.25,130.92,145.91
20240424,116.44,116.08,113.42,113.42,113.42,115.29,139.87,139.98,150.91,150.21,158.95,0,0,0,0,0,135.6,142.92,145.83,149.7,146.55,155.56,159.03,155.28,159.03,0,113.14
20240425,141.9,141.9,141.87,116.33,141.88,141.91,151.19,141.91,153.56,142.29,0,-79.32,-79.32,-2,131.71,131.71,130.07,135.85,156.64,157.05,157.19,156.36,141.9,141.9,157.19,-79.32,117.46
20240426,155.67,118.84,115.89,113.96,113.96,116.18,142.42,142.4,142.77,143.46,143.02,142.94,135.42,142.58,142.58,136.02,154.54,154.54,156.57,156.65,156.65,156.6,156.6,156.32,156.65,113.96,142.63
20240427,145.3,145.16,145.22,116.87,116.87,145.26,160.45,162.15,116.36,0,119.99,117.9,-79.32,-2,117.78,117.9,117.96,116.3,162.04,155.81,160.27,155.81,152.81,152.73,162.15,-79.32,121.87
20240428,99.37,85.8,83.15,83.15,92.55,99.37,103.6,100.07,78.9,94.12,0,-79.32,-79.32,-39.62,99.76,100.4,100.69,114.14,161.92,117.74,162.25,124.36,103.63,121.53,162.25,-79.32,82.79
20240429,97.91,92.37,92.37,92.37,101.4,101.4,101.4,115.35,159.18,156.3,188.25,156.3,154.81,151.76,155.33,156.77,159.18,153.03,153.11,153.28,153.28,162.45,153.6,141.36,188.25,92.37,139.99
20240430,129.76,110.09,103.86,103.17,103.86,110.41,129.76,162.45,164.89,143.48,129.76,129.76,102.72,110.95,129.76,130.41,141,162.45,162.45,155.62,155.62,143.36,143.14,143.15,164.89,102.72,134.59
20240501,141.27,141.27,141.25,112.25,113.6,141.27,141.27,141.17,103.13,103.68,111.57,111.2,103.27,103.52,110,109.23,103.24,113.97,149.45,150.41,150.49,150.49,150.49,150.49,150.49,103.13,128.28
20240502,137.12,112.5,137.11,103.12,137.03,137.14,137.14,136.97,137.11,0,0,-79.06,-79.06,0,0,129.4,142.87,139.21,144.28,144.28,150.79,150.79,150.87,139.89,150.87,-79.06,103.07
20240503,137.55,137.57,137.57,123.81,125.86,137.61,137.57,137.46,137.65,138.45,0,-79.06,-79.06,-2,138.31,138.24,139.15,139.19,139.24,148.73,139.63,149.52,149.52,149.6,149.6,-79.06,113.81
20240504,147.77,147.77,147.77,147.77,147.77,147.77,147.77,147.53,105.2,0,0,0,0,0,0,0,145.59,150.82,150.98,139.16,151.7,151.7,151.7,138.92,151.7,0,107.69
20240505,114.43,95.32,93.05,91.03,91.15,0,0,0,0,0,0,0,0,0,0,0,0,0,158.4,158.4,158.4,158.4,158.4,158.4,158.4,0,62.17
20240506,108.05,91.51,91.51,91.51,91.51,91.51,92.25,113.52,138.17,139.12,139.83,155.79,0,119.63,120.13,154.02,161.22,144.55,154.1,154.34,154.34,154.34,154.34,154.34,161.22,0,125.89
20240507,112.97,107.48,107.48,107.48,107.48,107.48,113.89,115.27,0,-77.94,-79.06,-79.06,-79.06,-79.06,141.45,0,0,140.89,140.89,144.08,140.89,138.49,138.49,138.32,144.08,-79.06,72.61
20240508,133.77,115.54,115.48,115.48,115.48,115.63,136.32,144.64,147.93,145.64,135.29,136.15,136.41,136.16,136.16,138.14,150.86,135.05,139.64,139.68,151.18,151.45,151.58,151.58,151.58,115.48,137.14
20240509,126.44,115.86,115.86,95.82,113.76,125.53,129.12,129.52,150.76,-77.94,-2,-79.06,-79.06,-77.94,138.36,0,132.82,153.86,156.42,156.42,156.42,151.53,151.53,151.53,156.42,-79.06,95.02
20240510,115.08,114.95,103.59,103.86,103.59,114.56,115.27,114.99,138.37,-79.06,-2,-79.06,-79.06,-79.06,0,-79.06,0,155.95,156.64,156.8,155.81,153.77,153.77,126.3,156.8,-79.06,77.91
20240511,115.85,98.58,91.92,90.32,96.22,115.64,140.33,0,0,0,113.42,0,0,0,0,0,0,115.23,157.92,158.08,158.16,158.16,115.89,158.08,158.16,0,80.67
20240512,95.89,83.24,82.72,82.72,91.71,95.89,100.77,98.28,82.72,91.2,118.07,114.65,112.58,0,-2,-17.57,-0.71,97.03,98.85,118.95,118.99,110.79,110.79,98.94,118.99,-17.57,83.79
20240513,97.18,89.24,83.22,82.66,83.22,91.31,104.06,0,-0.19,0,-77.94,-79.06,-79.06,-79.06,119.37,133.51,143.5,149.79,154.97,155.34,155.48,155.48,150.99,150.99,155.48,-79.06,81.28
20240514,115.08,102.53,91.52,91.52,99.62,115.36,115.08,114.71,139.03,-2,-77.94,-79.06,-79.06,-79.06,144.28,120.25,152.48,150.24,150.64,161.08,161.08,161.08,161.21,116.46,161.21,-79.06,95.91
20240515,110.8,105.11,93.04,91.41,105.11,105.11,93.27,85.46,91.02,106.98,-76.69,-77.48,-79.06,-77.94,0,0,0,0,114.27,0,0,114.27,114.27,107.3,114.27,-79.06,49.11
20240516,0,0,0,0,0,0,0,0,-77.48,-79.06,-79.06,-79.06,-79.06,-79.06,-79.06,-79.06,-2,159.48,133.45,135.81,135.57,130.03,124.65,113.6,159.48,-79.06,20.42
20240517,112.5,112.02,93.45,91.77,101.71,104.68,113.66,114.99,-2,-51.27,-79.06,-79.06,-79.06,132.84,-79.06,-0.07,0,138.94,137.22,137.22,139.23,137.22,139.15,137.22,139.23,-79.06,72.27
20240518,114.99,107.81,107.81,107.81,113.72,114.48,114.48,107.46,0,-76.69,0,-77.94,-79.06,-77.48,0,0,114.36,142.56,162.67,137.05,142.52,130.35,118.83,114.48,162.67,-79.06,75.4
20240519,109.5,92.52,92.55,92.59,119.61,92.58,94.74,92.11,92.11,-71.15,0,-79.06,-79.06,-77.48,113.8,0,110.8,139.8,141.78,140.64,138.41,134.66,114.27,105.28,141.78,-79.06,78.31
20240520,92.97,89.65,89.24,89.24,92.97,92.97,96.19,113.89,139.14,-2,0,-76.69,-77.48,0,-76.69,121.09,156.83,157.72,157.88,151.12,158.63,152.03,127.69,114.34,158.63,-77.48,87.58
20240521,114.71,114.71,99.14,91.74,95.28,102.03,114.62,113.6,140.42,-2,120.47,-77.48,-79.06,0,138.82,0,149.03,142.33,155.61,145.52,155.69,155.77,138.79,137.18,155.77,-79.06,99.07
20240522,114.62,114.71,98.97,95.11,95.11,101.86,114.46,113.6,138.72,142.52,137.4,142.23,0,135.68,142.54,137.06,140.63,141.57,141.98,149.1,155.83,155.61,155.61,155.61,155.83,0,127.22
20240523,114.62,110.53,101.88,94.98,94.98,101.64,101.73,114.43,113.38,155.05,-2,137.96,133.18,137.62,139.87,138.35,142.99,142.99,142.99,156.67,156.74,156.82,141.13,141.13,156.82,-2,125.19
20240524,114.71,98.49,92.04,91,90.76,92.51,99.21,101,0,0,-79.06,-79.06,-79.06,-79.06,-2,119.52,163.28,142.03,156.62,144.92,142.59,156.91,142.06,142.09,163.28,-79.06,79.58
20240525,112.35,97.74,91.73,91.73,91.73,92.19,92.19,92.49,101.86,0,-2,-79.06,-79.06,-79.06,0,110.02,110.09,104.6,113.51,116.81,118.2,118.67,113.89,116.54,118.67,-79.06,71.96
20240526,110.86,92.35,83.24,83.31,82.72,83.24,84.72,78.95,0,-51.27,-79.06,-79.06,-79.06,0,109.83,110.1,114.36,114.45,114.45,146.62,114.83,114.83,114.83,101.3,146.62,-79.06,67.95
20240527,91.81,82.66,82.66,81.77,81.77,88.62,95.78,113.61,138.08,0,0,0,0,142.93,145.59,145.19,157.83,142.41,140.96,141.05,140.66,140.72,137.47,137.22,157.83,0,102.34
20240528,110.7,112.22,100.74,91.58,0,0,112.13,137.27,142.44,0,-2,-79.06,-79.06,-2,0,0,140.29,140.71,140.74,143.31,156.62,156.75,156.75,138.94,156.75,-79.06,79.46
20240529,110.27,112.13,101.54,98.64,101.69,111.13,111.85,119.27,137.41,142.45,144.2,143.87,137.88,138.55,144.54,138.67,155.16,152.08,150.88,148.52,151.2,151.28,151.28,137.4,155.16,98.64,134.17
20240530,140.36,140.36,138.94,102.16,102.16,138.65,117.22,126.43,138.84,143.23,140.54,143,139.75,139.74,139.74,139.55,142.33,142.35,152.5,152.66,152.1,150.83,139.39,139.39,152.66,102.16,138.44
20240531,135.88,111.57,111.76,101.32,101.32,111.76,111.57,131.55,139.19,145.36,149.66,142.17,141.48,142.17,142.17,156.65,156.52,157.61,158.55,152.49,152.57,152.65,139.6,139.63,158.55,101.32,138.32
20240601,100.33,93.74,90.02,86.94,90.24,90.24,90.24,94.29,107.7,145.67,0,-75.58,-75.58,-75.58,0,0,110.73,110.45,122.45,124.3,125.6,103.74,103.74,100.42,145.67,-75.58,72.68
20240602,88.88,81.26,81.2,81.2,87.57,91.24,87.57,78.27,40.16,87.57,88.51,94.68,100.08,110.57,104.08,104.08,109.83,110.94,103.6,104.78,110.85,104.2,103.36,100.08,110.94,40.16,94.65
20240603,87.32,90.06,80.89,80.89,80.89,87.32,97.58,110.53,136.74,117.16,151.14,135.55,132.78,135.82,140.62,117.6,152.66,150.65,134.59,134.94,152.21,152.21,132.47,123.12,152.66,80.89,123.07
20240604,112.69,109.67,111.25,110.09,111.38,109.67,112.47,110.45,134.34,115.6,149.48,0,0,138.59,138.59,138.6,153.76,151.79,147.63,135.79,152.75,152.75,133.02,133.25,153.76,0,121.35
20240605,122.6,112.51,111.54,105.41,105.41,105.41,117.54,131.57,136.53,117.71,142.59,136.85,129.98,136.75,142.15,146.53,148.47,146.53,138.83,147.54,147.62,147.7,147.7,132.47,148.47,105.41,132.88
20240606,135,132.58,132.53,112.35,132.52,109.49,110.54,109.49,133.24,134.22,138.87,138.91,138.89,142.79,142.78,139.25,138.44,138.39,138.47,138.92,151.71,151.71,138.25,133.34,151.71,109.49,134.64
20240607,117.55,95.83,95.82,89.39,89.39,96.55,108.29,114.28,136.7,142.76,137.51,137.07,136.59,143.94,150.2,137.79,137.79,138.58,134.82,149.41,149.41,134.77,131.86,131.9,150.2,89.39,128
20240608,137.83,135.78,114.67,98.73,98.73,98.73,108.67,98.73,126.39,126.39,140.91,142.39,140.46,126.39,136.14,136.1,136.11,136.11,136.11,140.45,136.31,136.14,136.14,136.13,142.39,98.73,128.55
20240609,98.85,87.57,87.57,81.77,83.03,81.76,81.76,84.81,97.4,104.34,120.74,145.66,120.16,120.16,120.16,116.86,120.16,120.79,120.73,139.75,160.51,159.14,110.95,100.39,160.51,81.76,112.76
20240610,108.29,92.67,91.48,80.89,80.89,91.57,108.23,114.34,138.14,139.69,141.14,139.69,134.18,141.92,143.08,143.08,142.16,141.16,134.86,133.03,154.32,154.73,132.41,130.81,154.73,80.89,127.26
20240611,116.05,109,107.84,88.71,88.71,88.71,107.84,126.19,132.73,139.71,140.09,140.09,134.41,140.05,139.57,139.79,138.07,138.07,145.36,154.67,154.67,138.07,136.32,132.86,154.67,88.71,129.66
20240612,135.43,135.38,111.56,111.56,111.56,108.88,123.92,123.92,133.44,136.79,139.33,139.11,136.79,139.29,139.31,149.15,149.15,149.15,149.77,157.49,155.75,148.84,135.5,133.44,157.49,108.88,136.87
20240613,123.5,115.93,108.71,97.69,97.69,98.33,101.68,134.79,135.52,135.51,139.01,139.29,137.25,139.28,152.04,140.37,140.37,138.73,140.37,141.08,139.55,136.58,132.7,132.67,152.04,97.69,130.41
20240614,136.8,115.54,108.96,102.48,102.48,102.48,102.48,130.3,135.48,139.04,147.79,140.87,138.99,148.44,150.02,148.43,140.09,138.49,137.06,139.98,137.06,150.74,135.45,132.37,150.74,102.48,133.3
20240615,132.62,98.38,97.18,94.59,94.59,94.59,94.59,96.37,135.61,138.07,138.08,138.08,138.05,138.05,146.21,135.44,135.36,135.37,129.73,136.13,131.1,112.39,105.51,98.87,146.21,94.59,122
20240616,97.91,96.95,95.15,87.41,87.41,95.1,95.16,95.23,95.22,121.11,99.5,118.8,117.2,139.04,120.11,125.61,139.3,153.76,154.76,154.8,156.4,125.68,116.97,99.86,156.4,87.41,118.6
20240617,97.58,93.92,93.85,93.85,93.85,93.85,96.7,102.25,136.45,138.64,175.44,149.81,147.31,147.31,151.23,153.89,153.85,150.61,150.27,150.39,150.53,148,148,130.8,175.44,93.85,134.02
20240618,120.06,99.81,99.81,98.23,98.08,98.23,132.64,133.72,134.48,138.33,175.21,139.94,138.25,140.58,152.47,116.65,176.09,175.33,149.15,150.73,134.37,134.87,132.64,130.28,176.09,98.08,135.59
20240619,123.38,101.98,97.45,97.45,97.45,101.44,102.27,135.44,135.36,137.71,139.26,149.23,149.23,149.23,140.68,149.23,141.51,149.42,153.09,153.21,136.2,134.69,134.58,128.34,153.21,97.45,132.66
20240620,117.55,98.42,98.42,98.52,98.52,98.52,98.52,134.41,138.93,138.6,138.43,140.13,135.16,138.32,145.12,143.64,143.64,149.82,138.32,138.27,134.41,134.78,134.78,130.68,149.82,98.42,130
20240621,122.56,109.44,98.98,99.27,99.27,101.63,117.27,132.72,136.13,137.87,139.65,149.85,139.15,167.06,176.97,153.75,150.65,148.15,149.92,149.92,149.92,133.07,131.11,130.06,176.97,98.98,136.94
20240622,123.12,120.73,98.4,98.4,98.4,98.5,98.4,102.07,121.71,133.94,133.94,139.48,137.97,146.37,146.4,138.45,137.68,133.93,138.1,137.64,138.02,131.8,124.58,110.73,146.4,98.4,126.72
20240623,98.02,93.85,93.97,93.11,92.89,93.91,95.19,99.15,102.03,122,125.28,131.08,131.08,131.08,131.08,131.08,151.97,152.05,152.52,152.65,152.65,152.78,124.1,109.87,152.78,92.89,124.05
20240624,95.47,92.94,90.66,88.6,88.76,93.82,95.31,117.53,137.42,138.34,139.02,139.22,137.74,151.53,151.43,155.62,153.86,153.86,134.84,134.8,131.68,130.58,130.58,115.74,155.62,88.6,127.79
20240625,169.24,108.99,101.26,98.99,99.12,99.16,101.4,131.4,133.12,136.91,138.46,138.45,137.5,139.13,186.27,158.95,185.09,151.3,149.54,149.54,149.67,149.67,147.75,147.75,186.27,98.99,140.69
20240626,97.51,92.91,92.02,88.77,88.79,88.83,94.73,102.39,131.17,132.96,134.84,151.77,151.77,151.77,151.77,151.77,151.77,151.77,152.54,152.54,152.54,151.92,151.92,130.47,152.54,88.77,132.53
20240627,119.93,95.62,94.18,92.88,91.77,94.81,99.51,118.46,130.66,132.68,151.12,150.53,150.53,150.53,152.78,151.54,150.91,150.53,151.12,151.12,151.12,151.25,124.02,113.67,152.78,91.77,133.27
20240628,119.93,95.5,95.5,92.59,91.44,91.64,99.38,117.1,133.68,136.28,136.27,138.74,138.73,140.19,149.79,149.79,138.7,138.67,153.15,153.26,153.26,153.26,131.43,129.85,153.26,91.44,130.96
20240629,123.06,97.95,95.16,94.54,93.8,92.31,93.48,102.52,137.05,136.8,137.55,137.74,140.55,137.7,138.68,136.31,137.64,134.24,134.23,134.25,133.5,133.49,132.7,132.03,140.55,92.31,125.81
20240630,110.78,95.84,92.28,92.28,91.12,86.83,92.28,95.82,124.55,131.27,132.05,137.12,132.12,132.1,138.81,132.04,132.06,139.42,139.42,139.42,153,137.25,130.37,110.94,153,86.83,123.18
20240701,108.35,95.29,95.29,95.29,95.29,95.29,108.35,132.39,142.42,145.45,144.5,153.36,152.99,152.99,154.77,156.09,155.43,153.12,153.12,153.49,153.49,153.49,136.44,136.41,156.09,95.29,137.49
20240702,124.19,107.51,107.46,99.01,107.31,107.51,107.5,133.15,141.26,144.82,143.59,143.96,143.09,143.89,122.62,143.09,143.66,143.09,138.48,138.48,136.99,133.15,133.57,133.04,144.82,99.01,131.67
20240703,124.19,95.96,94.97,92.73,93.27,95.79,96.15,133.21,136.82,142.42,143.16,142.52,137.25,140.91,140.94,140.93,157.92,141.18,136.81,136.82,136.82,133.43,134.87,133.14,157.92,92.73,130.34
20240704,105.58,95.99,94.83,94.83,94.01,94.83,105.06,132.04,136.77,143.38,142.86,143,141.63,143.36,143.36,143.1,142.13,138.1,152.59,152.59,152.59,152.59,134.89,117.98,152.59,94.01,131.87
20240705,124.19,103.83,99.25,99.25,99.25,99.25,120.82,140.12,137.55,141.51,142,142.57,140.81,141.86,142.56,142.56,141.34,140.17,137.45,157.77,157.77,157.77,134.33,134.32,157.77,99.25,135.05
20240706,135.42,124.67,104.81,100.89,100.89,100.89,102.27,134,134,133.99,138.82,139.32,137.77,138.36,139.06,138.48,139.09,139.32,139.22,138.7,155.93,157.2,134,133.79,157.2,100.89,132.83
20240707,124.96,101.4,95.43,95.43,95.43,95.43,95.43,101.42,104.74,136.89,136.88,140.6,140.6,138.47,136.88,136.88,136.88,136.88,136.88,156.86,157.12,154.32,136.47,115.67,157.12,95.43,127.76
20240708,149.04,99.86,99.5,95.14,99.5,99.86,103.58,132.21,138.21,145.7,139.53,119.08,138.26,118.09,155,159.22,187.56,152.28,154.52,154.52,154.65,136,133.82,132.76,187.56,95.14,136.28
20240709,124.19,100.14,99.33,99.29,99.14,99.87,124.18,135.87,138.35,139.73,147.51,138.36,138.32,147.47,148.02,151.09,152.86,155.25,155.77,151.43,155.77,136.39,133.17,133.31,155.77,99.14,136.44
20240710,124.19,99.99,99.52,99.46,99.46,99.52,138.81,135.89,136.36,144.47,144.47,144.47,138.53,144.47,144.47,153.14,153.9,156.52,156.04,156.04,156.04,156.04,136.37,136.35,156.52,99.46,138.05
20240711,100.47,100.17,94.93,95.07,95.07,99.9,105.04,132.21,138.23,154.34,154.34,151.21,153.76,153.82,153.76,156.77,153.89,154.34,154.66,154.66,154.66,154.66,154.47,154.01,156.77,94.93,140.01
20240712,124.19,99.95,99.65,99.51,99.51,99.92,104.59,131.85,151.78,154.3,154.3,151.27,151.27,151.27,156.87,156.87,151.27,151.27,154.17,154.17,154.3,154.3,154.3,132.52,156.87,99.51,140.27
20240713,124.87,105.29,101.18,101.18,101.18,101.18,101.18,106.05,138.09,138,139.27,157.14,139.23,153.26,153.26,153.26,139.25,152.96,160.38,138.1,138.1,137.09,135.36,120.18,160.38,101.18,133.17
20240714,101.49,100.57,100.62,95.65,95.75,95.75,100.62,101.08,101.34,104.71,119.41,135.04,135,138.25,138.25,138.25,138.25,138.25,138.25,154.81,154.81,135.52,135.52,121.24,154.81,95.65,123.56
20240715,100.77,95.22,95.22,95.22,95.22,95.22,100.77,104.56,137.22,152.7,139.43,152.65,139.02,152.65,180.14,156.54,155.33,139.43,151.38,151.38,151.38,135.53,133.69,120.01,180.14,95.22,134.53
20240716,124.19,103.5,99.41,99.41,99.41,99.41,103.5,132.24,138.4,142.12,143.7,154.92,142.91,143.94,143.35,142.91,143.7,142.91,138.38,138.39,138.39,135.81,133.68,132.47,154.92,99.41,132.45
20240717,124.05,107.5,99.86,99.4,99.4,99.71,103.29,138.35,137.68,141.81,141.81,142.14,140.3,142.1,142.8,142.8,141.78,141.78,155.68,155.68,155.76,136.62,134.3,134.3,155.76,99.4,134.11
20240718,132.94,112.47,103.29,100.14,100.14,103.44,136.42,138.51,137.84,141.38,141.47,141.48,141.86,141.86,141.85,141.82,141.3,140.58,153.94,153.94,153.94,153.94,136.03,136.03,153.94,100.14,136.75
20240719,134.55,112.33,100.52,100.52,100.52,101.46,133.79,139.5,138.05,141.6,180.33,154.97,152.38,154.97,154.97,154.97,152.75,152.38,153.07,153.07,153.07,153.07,136.39,136.42,180.33,100.52,142.61
20240720,124.93,100.97,100.33,99.58,95.57,99.8,100.97,104.6,136.25,137.59,143.29,143.33,143.24,147.15,147.15,143.19,137.56,138.02,138.07,159.5,159.5,137.56,135.7,134.57,159.5,95.57,132.09
20240721,101.39,100.65,99.9,95.71,95.64,95.71,101.28,101.39,132.91,183.78,138.24,138.27,138.27,142.6,144.56,142.97,141.35,141.99,141.6,155.37,155.61,157.99,134.52,114.5,183.78,95.64,131.9
20240722,100.41,100.49,99.25,95.22,95.22,100.38,100.38,133.96,138.28,142.07,143.84,144.4,142.68,144.4,144.72,144.32,144.4,139.15,158.14,158.14,158.14,136.95,136.95,136.83,158.14,95.22,134.07
20240723,130.82,110.1,100.95,99.75,99.75,100.95,127.44,132.25,137.77,146.42,148.52,149.43,144.65,150.88,151.19,179.13,155.97,155.41,153.85,153.98,153.98,136.29,136.28,136.23,179.13,99.75,140.06
20240724,124.26,103.7,99.86,99.86,99.86,99.86,120.62,133.67,139.02,150.42,144.29,152.21,142.16,143.74,153.89,153.56,144.29,156.01,156.28,156.28,154.16,154.16,137.85,134.72,156.28,99.86,138.84
20240725,130.73,103.77,100.11,100.11,100.42,100.42,120.65,134.17,137.99,141.76,143.71,154.62,142.32,154.95,156.38,143.62,141.76,141.76,142.45,153.28,153.28,138.59,137.91,133.36,156.38,100.11,136.46
20240726,125.12,101.83,100.74,100.95,100.95,100.95,120.34,132.8,139.02,139.02,149.79,155.53,154.1,174.79,208.9,208.9,154.1,152.24,152.4,141.32,140.2,139.02,138.01,134.72,208.9,100.74,143.62
20240727,136.39,120.05,115.19,102.03,102.03,102.03,104.88,104.88,136.79,139.53,145.42,147.48,151.85,151.85,150.07,145.03,139.5,139.48,139.51,141.9,141.9,139.32,135.52,135.52,151.85,102.03,134.14
20240728,124.53,101.06,100.74,95.2,95.2,96.06,96.06,101.56,127.22,181.23,139.21,179.24,139.53,139.15,139.79,141.66,141.53,141.68,153.99,157.22,181.45,154.84,134.11,118.97,181.45,95.2,135.32
20240729,124.19,100.23,95.3,95.3,95.3,95.3,100.58,121.12,135.31,138.55,138.58,138.58,139.02,151.99,139.02,153.04,153.04,157.62,156.13,156.13,155.26,156.13,151.69,151.69,157.62,95.3,137.08
20240730,125.01,100.02,95.3,95.3,95.3,95.3,100.57,118.52,138.16,140.78,143.59,144.2,142.62,142.94,153.41,156.68,156.68,155.67,154.61,154.88,154.98,154.81,154.48,133.29,156.68,95.3,137.27
20240731,124.16,109.89,101.52,101.52,101.52,101.52,120.88,134.16,137.99,140.33,142.35,143.33,143.29,153.88,153.88,153.88,153.88,156.85,156.51,157.57,156.91,156.64,152.53,132.74,157.57,101.52,140.3
20240801,145.62,106.8,106.8,106.78,106.78,106.8,106.8,138.76,142.62,146.27,148.31,148.27,147.12,148.23,148.23,147.76,147.1,160.05,162.59,162.69,160.95,160.95,158.97,142.35,162.69,106.78,142.98
20240802,144.37,129.99,127.85,106.79,126.45,129.99,141.35,141.76,146.58,147.44,157.86,157.7,157.7,157.7,157.7,161.57,161.57,161.57,160.39,162.12,159.56,160.39,160.39,156.3,162.12,106.79,151.2
20240803,141.23,107.54,107.54,107.3,107.07,107.54,107.54,142.14,147.92,146.82,146.7,156.96,157.68,158.4,158.4,158.9,161.75,160.18,161.14,161.14,162.22,162.3,157.01,140.98,162.3,107.07,145.41
20240804,140.71,138.69,107.69,107.43,107.08,107.08,107.66,142.37,141.59,141.59,148,147.01,158.42,149.09,158.08,145.77,142.97,158.74,159.41,164.18,162.84,161.76,161.66,158.14,164.18,107.08,144.66
20240805,128.98,106.85,106.85,106.85,106.74,106.85,139.48,143.51,145.27,156.71,159.12,158.85,158.85,158.85,183.24,203.37,158.85,158.85,158.85,159.12,206.73,159.4,158.97,156.93,206.73,106.74,153.42
20240806,142.76,135.79,135.14,127.77,128.9,129.37,141.6,141.6,145.74,157.61,157.61,157.44,157.44,195.73,188.78,199.39,160.38,203.68,160.93,205.36,159.78,160.93,156.05,156.05,205.36,127.77,161.89
20240807,156.27,156.27,124.82,124.62,124.62,128.38,135.8,141.31,146.07,156.54,159.7,160.07,159.15,161.91,161.86,159.15,159.15,200.98,232.16,232.16,226.18,157.97,159.7,157.35,232.16,124.62,165.41
20240808,139.35,135.68,126.34,124.57,124.75,129.79,135.8,141.91,145.64,157.63,157.63,159.71,160.19,179.82,160.19,160.19,160.19,160.19,203.16,204.83,159.58,160.73,156.06,156.06,204.83,124.57,157.15
20240809,137.35,136.13,129.61,126.07,125.71,135.13,135.81,142.14,147.67,157.3,157.68,157.51,157.51,157.51,164.42,198.92,164.41,160.89,161.31,205.05,160.29,161.44,156.12,156.12,205.05,125.71,156.53
20240810,155.25,138.42,130.52,129.42,125.07,130.64,139.03,143.55,142.01,142.01,157.85,157.75,157.75,159.19,159.19,161.82,161.74,160.95,204.6,160.98,160.98,160.17,157.8,141.94,204.6,125.07,153.74
20240811,157.76,157.66,107.69,107.4,107.4,107.69,107.69,138.62,139.96,142.72,144.72,142.72,145.53,146.52,145.53,145.53,146.52,161.18,203.46,205.13,161.73,161.73,160.24,158.05,205.13,107.4,149.05
20240812,137.52,135.54,127.64,121.34,106.91,125.1,135.41,143.64,144.1,156.88,157.63,157.47,157.47,158.24,158.25,199.25,160.47,160.47,200.11,223.99,201.78,206.75,209.48,156.07,223.99,106.91,164.09
20240813,144.6,138.84,139.26,138.85,125.21,138.88,139.26,141.26,143.82,157.72,157.72,157.39,157.39,162.32,162.29,162.29,159.98,159.98,160.53,160.53,207.14,209.73,157.7,157.7,209.73,125.21,157.99
20240814,146.97,137.16,138.34,137.16,124.46,137.16,139.65,140.88,146.27,158.17,158.17,159.9,159.9,160.88,160.92,160.91,159.9,159.9,227.34,205.6,207.15,158.03,157.62,156.32,227.34,124.46,161.19
20240815,146.55,138.34,138.44,138.44,138.44,139,139.52,141.71,146.16,145.98,146.83,146.98,147.19,148.19,159.03,159.03,162.62,147.66,163.17,161.36,160.48,160.41,160.2,141.92,163.17,138.34,150.07
20240816,139.87,136.13,136.13,129.36,124.13,129.55,141.21,144.3,143.78,157.04,156.88,156.88,156.88,156.96,157.57,160.59,160.59,160.59,160.87,160.87,159.05,160.36,158.39,158.16,160.87,124.13,152.04
20240817,140.83,137.15,137.16,130.46,125,129.13,130.46,142.59,141.95,143.88,149.06,149.61,149.6,197.4,161.65,161.65,148.46,146.68,160.6,162.2,158.34,159.23,159.23,140.42,197.4,125,150.16
20240818,140.18,143,135.88,107.57,107.55,107.55,107.57,143.37,141.53,144.86,146.23,146.35,146.71,148.94,146.72,153.25,159.25,161.5,161.77,162.05,159.63,159.44,159.44,140.72,162.05,107.55,145.26
20240819,135.76,135.76,106.85,106.85,106.85,106.85,133.93,144.8,144.01,157.87,159.03,158.48,158.48,197.62,194.26,172.57,172.57,158.48,159.03,159.03,159.03,157.22,156.3,141.25,197.62,106.85,153.03
20240820,142.76,139.19,136.82,136.82,136.82,139.19,139.19,141.52,146.29,157,157.01,191.98,179.46,188.43,188.43,199.74,179.46,179.16,159.03,159.03,157,146.17,143.8,141.88,199.74,136.82,160.22
20240821,143.3,138.11,135.8,128.99,134.42,138.35,140.1,140.75,146.38,156.11,183.92,187.83,179.68,185.96,183.62,178.68,158.99,158.99,159.54,159.54,159.54,156.59,156.59,141.05,187.83,128.99,158.56
20240822,143.3,136.96,138.07,129.07,129.07,138.73,140.77,141.18,146.13,152.51,157.69,158.25,158.25,158.25,158.72,160.39,160.39,160.39,160.94,160.94,159.21,158.99,156.77,141.62,160.94,129.07,151.99
20240823,137.43,136.34,136.34,125.89,124.05,135.61,135.75,141.34,144.05,158.29,158.29,157.96,160.75,160.75,160.75,164.82,164.81,158.55,159.48,161.06,161.3,158.88,156.73,139.65,164.82,124.05,152.11
20240824,140.42,107.41,107.42,107.42,107.42,107.42,107.41,143.22,141.69,142.4,144.66,149.72,149.71,149.71,160.36,159.67,148.07,148.07,163.04,163.61,159.12,159.12,159.12,143.39,163.61,107.41,143.27
20240825,140.48,107.61,107.61,107.29,107.29,107.4,107.61,143.57,141.87,144.13,144.13,144.13,144.76,149.27,148.25,144.76,144.73,144.74,160.49,163.23,163.04,163.04,163.56,142.22,163.56,107.29,141.43
20240826,128.98,106.91,106.91,106.62,106.33,106.91,106.93,143.2,143.79,157.08,157.29,157.29,157.29,165.35,176.59,165.24,205.34,159.97,160.35,160.35,159.68,157.16,156.8,141.36,205.34,106.33,149.97
20240827,140.05,136.2,129.24,127.47,127.47,129.07,139.25,141.43,143.99,159.13,159.13,165.58,158.58,158.58,161.26,161.28,158.58,158.58,159.13,159.13,157.47,157.16,142.04,141.48,165.58,127.47,150.89
20240828,139.43,125.33,106.78,106.76,106.76,125.33,131.15,142.27,144.11,151.88,155.88,155.87,155.44,160.41,160.41,160.41,148.58,147.76,148.58,148.03,144.16,144.15,143.32,141.15,160.41,106.76,143.86
20240829,128.88,106.76,106.45,106.4,101.44,106.45,107.32,144.29,146.17,147.05,146.97,146.95,146.61,146.91,149.35,148.03,148.03,148.04,147.78,143.3,146.78,143.3,143.07,137.98,149.35,101.44,138.07
20240830,128.88,106.94,106.4,106.65,106.43,106.94,106.97,142.87,145.49,146.44,149.06,149.05,147.45,149.05,155.78,159.32,161.12,161.12,144.57,144.21,144.21,144.21,143.48,141.6,161.12,106.4,140.13
20240831,146.64,143.85,107.42,107.42,107.43,107.43,107.42,144.45,143.23,141.7,144.32,144.32,148.53,184.68,148.65,148.65,148.66,146.84,160.08,160.24,164.37,161.12,143.74,140.47,184.68,107.42,144.06
20240901,134.03,107.46,107.22,106.78,106.66,106.66,107.07,107.46,119.61,142,142.38,143.88,144.73,144.73,144.73,148.06,161.93,161.93,161.93,162.21,160.88,160.08,159.66,136.22,162.21,106.66,139.44
20240902,106.87,106.86,106.74,106.76,106.74,106.86,106.86,142.34,146.4,220.22,161.01,158.82,158.79,160.45,160.45,162.43,160.45,160.45,161.01,161.01,161.01,161.01,161.01,139.96,220.22,106.74,149.42
20240903,137.5,106.86,106.86,106.57,106.82,106.87,134.71,145.28,145.49,146.07,160.26,159.93,159.93,159.93,159.93,159.93,159.93,162.32,162.87,162.87,162.26,162.26,159.86,140.44,162.87,106.57,147.75
20240904,107.06,107.07,106.74,106.33,106.07,106.97,134.88,145.44,145.91,148.78,148.75,149.15,148.72,151.11,151.08,150.99,161.09,161.09,161.43,161.43,161.43,160.66,160.66,140.82,161.43,106.07,144.14
20240905,137.56,106.85,106.85,106.7,106.86,106.86,106.85,142.63,145.3,145.54,145.54,146.2,145.51,150.69,150.69,152.93,152.93,160.7,161.03,161.03,161.03,161.03,161.03,140.15,161.03,106.7,142.95
20240906,140.07,106.84,106.84,106.84,106.84,106.84,142.39,143.91,146.76,149.69,150.29,151.94,148.6,154.5,156.48,159.66,159.66,162,162.56,162.56,162.56,160.72,159.19,158.79,162.56,106.84,147.3
20240907,140.29,139.33,114.36,112.62,114.13,114.36,144.26,143.65,143.03,148.01,147.96,149.97,147.91,159.6,159.6,159.6,163.08,163.08,163.64,163.64,163.03,162.41,162.41,158.05,163.64,112.62,149.59
20240908,138.14,129.68,111.89,111.89,111.89,111.89,111.89,115.19,115.19,140.37,140.37,141.35,143.91,141.34,143.19,160.37,160.37,163.51,163.51,163.78,163.78,162.05,161.38,160.76,163.78,111.89,143
20240909,137.22,106.88,106.88,106.88,106.88,106.88,139.97,142.46,146.35,151.19,159.53,156.09,148.71,156.98,160.19,160.19,159.36,161.09,172.94,161.37,161.64,161.64,160.36,141.93,172.94,106.88,148.16
20240910,146.53,137.23,132.83,129.21,129.08,137.69,138.73,144.96,143.08,149.31,158.5,158,158,158,159.03,173.95,175.23,161.34,161.9,161.9,158.5,158.5,158.5,143.06,175.23,129.08,153.35
20240911,144.54,141.47,141.49,135.42,134.72,141.5,141.5,145.18,145.78,154.2,156.23,158.84,158.85,158.42,158.42,160.47,160.57,160.04,215.53,160.18,158.92,158.92,145.78,143.09,215.53,134.72,155.22
20240912,146.28,138.39,138.2,137.35,137.35,138.2,143.14,143.14,145.34,154.38,156.41,157.56,157.56,157.56,161.71,208.06,166.78,160.44,160.99,215.53,160.99,160.99,158.06,158.06,215.53,137.35,159.06
20240913,157.84,146.53,138.08,138.08,138.08,142.26,144.47,144.47,146.59,151.34,159.29,159.29,159.29,159.29,159.29,159.29,159.29,162.45,229.87,162.73,162.73,160.22,159.79,158.12,229.87,138.08,158.45
20240914,170.14,143.77,137.95,137.72,134.55,134.55,144.83,144.83,145.15,149.05,149.05,148.84,148.84,151.7,150.34,148.84,148.84,146.91,159.89,160.05,160.22,160.22,146.06,142.55,170.14,134.55,149.23
20240915,144.99,107.11,107.11,107.11,107.11,107.11,107.11,147.57,147.2,138.39,138.19,140.86,144.27,146.18,146.18,150.01,150.01,150.01,215.88,150.27,147.36,146.45,140.08,138.6,215.88,107.11,140.5
20240916,114.47,107.54,106.62,106.62,106.56,106.62,107.54,107.54,107.49,107.49,141.41,140.17,140.07,140.07,141.62,147.75,147.75,147.75,147.76,215.53,147.42,137.9,137.3,147.42,215.53,106.56,133.87
20240917,106.76,104.79,99.89,99.89,99.89,99.89,105.06,106.11,107.12,107.13,107.96,107.92,107.92,115.7,115.7,137.89,137.87,141.95,165.22,142.1,148.68,137.85,133,107.96,165.22,99.89,120.53
20240918,215.31,107.27,106.58,106.58,106.58,106.82,210.18,215.41,115.28,137.29,137.95,140.15,140.05,140.05,140.05,147.45,147.45,147.45,215.53,215.53,147.43,141.16,133,147.43,215.53,106.58,150.4
20240919,107.03,107.03,106.65,106.38,106.38,106.49,107.03,131.15,143.01,147.56,147.99,147.29,147.29,150.24,150.24,198.52,159.68,159.68,160.18,160.18,146.04,145.73,139.49,135.82,198.52,106.38,142.47
20240920,155.99,145.53,145.53,129.58,132.35,0,141.23,146.39,154.69,159.67,159.71,160.19,160.19,160.19,160.19,163.3,163.3,163.3,163.87,160.75,160.75,158.5,158.5,145.74,163.87,0,151.01
20240921,142.31,137.52,137.46,107.06,107.06,107.06,107.05,141.94,147.92,149.8,152.75,150.44,144.99,144.99,144.99,142.94,142.88,142.94,164.06,164.06,162.55,142.77,142.76,142.94,164.06,107.05,142.26
20240922,137.35,115.03,111.72,111.72,111.72,111.72,113.26,140.39,143.63,143.63,143.63,144.36,159.48,159.85,144.38,165.23,163.47,163.47,163.86,160.35,159.51,158.68,142.04,138.97,165.23,111.72,144.44
20240923,131.98,128.96,128.96,128.96,128.96,106.57,128.96,141.99,142.65,147.22,147.67,147.58,147.6,153.67,163.31,158.02,158.02,158.02,158.52,158.52,158.1,157.27,158.11,158.52,163.31,106.57,147.75
20240924,107.11,107.12,105.88,105.54,105.68,106.74,107.14,107.11,145.52,215.53,215.53,149.34,146.78,149.31,149.31,149.31,161.02,221.13,221.13,221.13,216.54,161.58,138.4,158.26,221.13,105.54,158.88
20240925,215.53,107.43,106.43,106.2,106.17,106.4,107.44,158.06,131.78,144.32,144.58,144.56,144.45,144.58,147.07,160.34,160.34,147.21,167.31,159.1,140.36,160.84,133.66,216.05,216.05,106.17,145.79
20240926,106.93,106.94,106.53,105.24,106.42,106.86,106.95,156.6,156.46,156.47,156.47,146.71,146.49,146.71,146.7,144.25,144.25,209.35,146.82,167.19,167.19,144.89,139.19,106.95,209.35,105.24,141.67
20240927,106.69,106.7,106.7,106.34,106.57,106.72,131.93,156,218.5,144.27,152.82,149.09,144.06,152.2,149.68,147.2,146.84,146.84,162.22,162.22,162.22,161.17,136.64,130.21,218.5,106.34,143.88
20240928,114.2,107.21,107.22,106.77,106.32,107.02,107.22,107.21,107.18,132.33,140.72,139.97,139.77,141.74,152.33,146.93,146.93,215.53,146.94,144.72,144.51,141.38,215.53,107.19,215.53,106.32,137.14
20240929,106.35,92.55,92.55,92.55,92.33,92.55,92.55,104.13,105.27,107.71,107.71,107.65,107.65,107.65,107.65,116.06,116.06,145.61,146.02,146.22,142.05,116.2,107.71,107.71,146.22,92.33,112.68
20240930,107.11,92.82,92.5,92.21,92.41,92.73,106.4,106.9,142.73,142.76,145.72,145.7,142.75,149.89,149.89,149.89,149.89,145.72,215.53,146.88,146.21,139.3,141.64,147.25,215.53,92.21,135.79
20241001,106.02,95.8,95.5,92.19,95.5,95.89,106.03,137.32,137.36,139.92,140.32,140.33,140.16,140.33,140.32,140.33,140.33,139.32,139.92,139.92,137.36,137.32,128.91,107.21,140.33,92.19,127.3
20241002,105.41,98.22,98.22,98.32,98.32,103.6,105.41,129.24,139.3,152.32,152.32,139.28,137.89,139.25,139.27,141.38,141.38,141.38,144.08,144.08,135.44,128.59,128.3,113.21,152.32,98.22,128.86
20241003,92.46,92.4,91.88,87.04,91.66,92.4,92.46,101.05,123.06,137.43,140.72,140.08,135.61,135.6,135.61,135.61,129.06,120.8,121.16,106.16,106.16,101.05,101.06,100.64,140.72,87.04,114.18
20241004,100.68,78.12,78.12,78.12,78.12,78.24,92.72,105.97,123.46,136.94,139.28,136.94,127.13,127.69,130.36,130.36,139.44,139.44,136.94,128.58,105.93,100.96,100.96,100.76,139.44,78.12,114.61
20241005,100.35,95.45,92.23,84.94,95.28,95.33,98.63,96.09,101.49,101.14,101.25,137.05,100.91,100.9,100.78,100.99,100.91,101.31,105.75,105.75,105.75,105.67,101.73,101.73,137.05,84.94,101.78
20241006,83.42,79.1,77.26,76.01,76.01,77.73,78.46,76.01,76.01,76.01,92.66,92.89,93.34,101.96,102.02,101.58,101.71,102.03,102.04,102.05,102.05,101.76,93.35,93.25,102.05,76.01,90.95
20241007,92.47,92.47,92.2,91.96,92.26,92.24,97.64,100.67,160.52,160.52,141.26,141.11,137.92,139.2,139.23,139.16,139.27,139.27,139.06,139.26,138.36,134.48,120.89,114.68,160.52,91.96,126.44
20241008,105.11,104.26,104.26,103.64,104.03,104.26,104.69,129.58,138.66,138.65,135.45,135.31,122.21,135.07,135.51,140.55,140.55,140.55,140.55,135.53,129.58,128.3,120.43,114.34,140.55,103.64,126.07
20241009,100.32,99.84,99.16,95.03,98,98.76,100.39,100.67,121.48,138.97,138.97,142.14,138.88,138.85,139.4,151.88,138.97,138.75,139.38,139.4,134.6,129.82,127.37,105.51,151.88,95.03,124.74
20241010,102.43,92.04,92.09,77.02,77.02,92.54,95.66,100.75,128.48,140.26,140.25,140.2,134.76,140.23,140.23,140.02,140.09,140.24,157.27,157.27,134.54,129.37,124.12,111.07,157.27,77.02,124.42
20241011,105.18,105.04,105.08,104.64,105.01,105.49,105.35,106.21,137.96,141.15,141.15,140.95,140.81,141.13,120.92,154.44,155.55,137.96,137.95,134.35,134.35,136.86,126.87,106.13,155.55,104.64,127.84
20241012,105.62,103.11,103.41,103.44,103.44,103.36,105.62,100.48,100.2,100.24,106.59,106.58,106.44,105.67,100.09,105.82,105.88,106.6,107.29,107.36,107.36,106.72,106.72,106.72,107.36,100.09,104.94
20241013,103.27,99.54,91.83,83.33,92.33,105.76,108.25,105.25,92.37,92.52,92.52,92.38,92.22,92.45,92.29,92.51,92.51,101.67,105.94,105.95,105.88,103.12,103.12,101.9,108.25,83.33,98.05
20241014,100.91,92.02,86.58,86.58,86.58,86.58,92.74,105.19,137.39,161.25,140.64,140.63,137.7,140.52,140.57,155.97,155.97,154.79,140.64,137.7,137.16,136.67,130.5,105.28,161.25,86.58,127.53
20241015,105.26,104.02,104.02,100.48,100.48,104.64,105.11,119.52,139.78,139.64,139.66,153.37,120.39,153.37,153.82,155.18,156.96,156.96,157.1,155.43,155.43,134.93,134.93,129.17,157.1,100.48,134.95
20241016,100.68,92.35,92.35,92.14,92.35,106.1,106.97,116.76,138.66,138.68,158.6,138.67,133.51,138.67,138.67,138.67,154.13,156.26,157.34,157.34,153.23,153.99,153.99,106.97,158.6,92.14,132.95
20241017,101.52,92.34,92.29,92.27,92.34,100.76,101.05,125.6,138.75,153.93,153.93,153.87,153.41,153.87,153.87,157.02,157.02,156.21,156.94,156.94,156.94,156.94,105.24,105.24,157.02,92.27,135.37
20241018,116.77,104.4,104.46,98.74,104.46,104.46,104.77,105.64,141.78,154.67,154.67,152.44,138.17,153.79,154.02,154.02,154.02,153.57,154.15,160.26,160.26,105.58,105.37,105.11,160.26,98.74,133.97
20241019,100.85,92.95,92.56,85.47,85.64,92.7,158.07,93.02,101.26,110.96,112.04,112.03,110.89,101.75,101.35,101.36,101.36,101.99,139.29,139.29,102.23,99.11,93.02,93.02,158.07,85.47,105.7
20241020,92.73,92.73,92.07,77.76,79.4,92.21,92.73,92.66,92.73,92.73,92.73,92.52,87.04,92.66,101.22,101.34,109.09,108.58,109.15,109.15,101.7,101.75,100.72,100.72,109.15,77.76,96.72
20241021,94.05,85.16,83.75,85.16,85.16,89.61,105.58,105.7,139.32,157.11,157.18,156.18,156.18,156.18,156.18,156.18,157.18,156.53,157.18,158.38,157.18,105.63,157.56,155.51,158.38,83.75,135.53
20241022,154.85,151.67,92.4,151.03,150.12,105.75,152.04,106.94,156.61,155.91,159.1,156.76,151.37,151.16,151.33,155.52,155.95,157.25,156.68,156.68,152.54,106.92,150.97,121.78,159.1,92.4,145.36
20241023,219.19,209.55,0,0,0,0,205.18,205.91,200.4,0,0,-48,0,0,0,206.85,134.74,139.6,153.64,134.75,133.2,106.56,214.43,155.28,219.19,-48,101.64
20241024,92.57,204.7,0,0,0,155.08,102.6,102.82,215.18,206.99,-48,-78.74,-78.74,-78.74,132.92,0,0,155.86,156.03,155.05,155.95,121.01,155.78,100.62,215.18,-78.74,86.36
20241025,152.17,92.23,92.23,92.1,92.23,92.43,101.06,101.28,138.32,139.24,216.99,133.16,0,209.55,213.08,206.86,152.32,155.17,155.03,154.78,155.92,155.03,101.02,155.92,216.99,0,138.6
20241026,93.31,92.62,154.96,77.5,77.5,77.69,154.48,155.12,155.34,155.46,111.88,133.33,104.17,102.59,101.05,154.87,154.19,102.86,106.82,159.43,158.92,158.51,157.75,153.52,159.43,77.5,128.11
20241027,85.46,76.89,76.21,76.21,76.21,76.21,77.04,94.15,94.15,153.61,103.58,117.34,133.35,103.31,101.01,101.07,153.46,155.05,155.81,154.93,154.13,94.15,155.69,153.56,155.81,76.21,115.53
20241028,75.66,75.64,152.03,75.64,76.87,75.64,151.7,132.89,139.32,153.31,152.49,152.07,137.6,152.01,151.53,139.32,152.08,157.77,157.54,156.83,156.65,156.65,116.6,153.59,157.77,75.64,135.87
20241029,152.1,105,152.73,91,92,105,152.72,106,152.51,151.81,151.67,158.52,155.47,155.84,156.62,155.84,155.72,156.88,138,133,133,106,99,99,158.52,91,135.3
20241030,101.81,76.9,77.3,78.08,99.38,87.14,100.42,109.13,139.31,117.02,116.97,109.93,100.4,100.58,110.68,109.06,116.86,117.02,117.12,116.32,117.33,100.89,116.03,111.96,139.31,76.9,107.17
20241031,100.68,92.24,91.76,91.77,92.21,99.85,100.65,105.16,139.28,139.33,140.45,133.11,104.87,128.34,147.98,152.55,139.33,135.29,135.3,135.3,130.87,132.91,105.14,105.14,152.55,91.76,121.81
20241101,112.58,103.44,102.83,91.75,101.85,103.45,106.6,131.3,151.13,150.53,145.71,135.22,116.31,113.82,114.22,113,131.17,131.26,131.26,107.08,103.42,103.42,103.42,103.42,151.13,91.75,118.06
20241102,104.31,103.05,102.64,87.43,102.83,103.18,103.81,104.3,107.25,107.89,116.19,148.12,107.6,107.6,107.52,107.68,107.3,107.95,108.08,108.14,108.2,106.76,106.85,104.76,148.12,87.43,107.92
20241103,106.63,92.24,87.58,87.11,87.42,92.45,92.45,92.7,104.63,104.63,104.63,104,0,87.3,104.57,104.57,108.6,109.96,109.97,109.97,109.58,108.46,108.85,105.6,109.97,0,97.53
20241104,103.98,87.53,87.42,86.95,87.27,102.49,104.14,115.78,131.3,149.56,137.97,134.96,116.58,116.58,131.3,131.4,131.35,127.26,127.32,116.78,116.73,106.73,106.56,104.12,149.56,86.95,116.5
20241105,103.72,92.74,87.46,87.49,0,0,104.21,106.62,117.37,136.94,136.94,0,0,0,0,136.87,136.13,131.98,132.17,127.56,127.62,107.46,105.14,104.95,136.94,0,90.29
20241106,103.68,87.6,87.6,87.42,87.56,92.08,115.73,116.58,131.58,0,0,-39.64,-79.28,-79.28,0,0,117.26,127.56,117.52,117.52,117.53,113.81,113.61,109.09,131.58,-79.28,72.31
20241107,103.65,89.39,89.39,89.48,89.48,102.16,114.48,107.74,117.84,136.21,126.43,136.87,116.13,116.84,116.84,116.84,151.02,153.68,117.44,126.95,114.94,107.66,111.71,104.64,153.68,89.39,116.15
20241108,110.09,89.57,89.57,89.57,89.57,102.17,111.71,114.22,117.51,131.58,137.88,132.64,132.64,137.9,148.44,149.56,137.92,132.65,117.17,117.17,116.73,107.15,117.44,106.94,149.56,89.57,119.35
20241109,113.22,88.17,87.58,80.28,80.28,87.55,88.34,93.07,93.07,105.86,105.84,105.61,105.82,105.81,104.82,105.64,105.25,105.73,105.85,105.86,104.28,92.08,92.29,92.29,113.22,80.28,98.71
20241110,98.1,78.4,78.4,78.4,78.4,78.4,80.24,90.77,90.68,92.45,92.24,114.99,92,114.27,92,114.6,114.99,114.99,214.27,114.99,114.99,114.94,92.24,92.45,214.27,78.4,103.24