ts,실시간 임시 가격(원/kWh),실시간 확정 가격(원/kWh)
1729610100,100.23,100.23
1729611000,100.23,100.23
1729611900,100.23,100.23
1729612800,100.23,100.23
1729613700,92.35,92.35
1729614600,92.35,92.35
1729615500,92.35,92.35
1729616400,92.35,92.35
1729617300,216.99,216.99
1729618200,214.06,214.06
1729619100,214.43,214.43
1729620000,92.27,92.27
1729620900,92.19,92.19
1729621800,0.0,0.0
1729622700,0.0,0.0
1729623600,0.0,0.0
1729624500,92.35,92.35
1729625400,0.0,0.0
1729626300,0.0,0.0
1729627200,0.0,0.0
1729628100,0.0,0.0
1729629000,0.0,0.0
1729629900,0.0,0.0
1729630800,100.25,100.25
1729631700,100.25,100.25
1729632600,100.25,100.25
1729633500,100.25,100.25
1729634400,100.25,100.25
1729635300,212.39,212.39
1729636200,194.8,194.8
1729637100,106.54,106.54
1729638000,0.0,0.0
1729638900,0.0,0.0
1729639800,0.0,0.0
1729640700,-48.0,-48.0
1729641600,-48.0,-48.0
1729642500,-50.01,-50.01
1729643400,-78.74,-78.74
1729644300,-78.74,-78.74
1729645200,-78.74,-78.74
1729646100,-78.74,-78.74
1729647000,-78.74,-78.74
1729647900,-78.74,-78.74
1729648800,-78.74,-78.74
1729649700,-78.74,-78.74
1729650600,-78.74,-78.74
1729651500,-78.74,-78.74
1729652400,-78.74,-78.74
1729653300,-78.74,-78.74
1729654200,-78.74,-78.74
1729655100,-78.74,-78.74
1729656000,-78.74,-78.74
1729656900,-78.74,-78.74
1729657800,-78.74,-78.74
1729658700,-78.74,-78.74
1729659600,-78.74,-78.74
1729660500,-78.74,-78.74
1729661400,0.0,0.0
1729662300,0.0,0.0
1729663200,216.99,216.99
1729664100,221.27,221.27
1729665000,232.46,232.46
1729665900,232.46,232.46
1729666800,134.74,134.74
1729667700,134.74,134.74
1729668600,134.74,134.74
1729669500,134.74,134.74
1729670400,134.74,134.74
1729671300,139.6,139.6
1729672200,139.6,139.6
1729673100,139.6,139.6
1729674000,139.6,139.6
1729674900,139.33,139.33
1729675800,0.0,0.0
1729676700,139.33,139.33
1729677600,139.33,139.33
1729678500,232.46,232.46
1729679400,232.46,232.46
1729680300,134.75,134.75
1729681200,134.75,134.75
1729682100,152.45,153.4
1729683000,152.45,153.4
1729683900,152.62,153.4
1729684800,153.19,153.4
1729685700,106.56,106.56
1729686600,106.56,106.56
1729687500,106.56,106.56
1729688400,106.56,106.56
1729689300,104.94,104.94
1729690200,104.94,104.94
1729691100,104.94,104.94
1729692000,104.94,104.94
1729692900,105.29,105.29
1729693800,105.29,105.29
1729694700,105.29,105.29
1729695600,105.29,105.29
1729696500,92.57,92.57
1729697400,92.57,92.57
1729698300,92.57,92.57
1729699200,92.57,92.57
1729700100,92.37,92.37
1729701000,92.37,92.37
1729701900,92.37,92.37
1729702800,92.37,92.37
1729703700,92.14,92.14
1729704600,92.14,92.14
1729705500,92.14,92.14
1729706400,92.14,92.14
1729707300,91.93,91.93
1729708200,91.93,91.93
1729709100,91.93,91.93
1729710000,91.93,91.93
1729710900,92.05,92.05
1729711800,92.05,92.05
1729712700,92.05,92.05
1729713600,92.05,92.05
1729714500,92.26,92.26
1729715400,92.26,92.26
1729716300,92.26,92.26
1729717200,92.26,92.26
1729718100,102.6,102.6
1729719000,102.6,102.6
1729719900,102.6,102.6
1729720800,102.6,102.6
1729721700,102.82,102.82
1729722600,102.82,102.82
1729723500,102.82,102.82
1729724400,102.82,102.82
1729725300,106.46,106.46
1729726200,106.46,106.46
1729727100,106.46,106.46
1729728000,106.46,106.46
1729728900,0.0,0.0
1729729800,-0.78,-0.78
1729730700,-78.74,-78.74
1729731600,-78.74,-78.74
1729732500,-78.74,-78.74
1729733400,-78.74,-78.74
1729734300,-78.74,-78.74
1729735200,-78.74,-78.74
1729736100,-78.74,-78.74
1729737000,-78.74,-78.74
1729737900,-78.74,-78.74
1729738800,-78.74,-78.74
1729739700,-78.74,-78.74
1729740600,-78.74,-78.74
1729741500,-78.74,-78.74
1729742400,-78.74,-78.74
1729743300,-78.74,-78.74
1729744200,-78.74,-78.74
1729745100,-78.74,-78.74
1729746000,0.0,0.0
1729746900,132.92,132.92
1729747800,132.92,132.92
1729748700,197.3,197.3
1729749600,219.19,219.19
1729750500,135.75,135.75
1729751400,135.75,135.75
1729752300,135.75,135.75
1729753200,135.75,135.75
1729754100,135.75,135.75
1729755000,135.75,135.75
1729755900,135.75,135.75
1729756800,135.75,135.75
1729757700,135.84,135.84
1729758600,135.84,135.84
1729759500,151.58,155.84
1729760400,152.16,155.84
1729761300,152.71,156.41
1729762200,153.64,157.34
1729763100,153.63,157.34
1729764000,153.59,157.28
1729764900,153.72,157.59
1729765800,153.72,157.59
1729766700,153.71,157.59
1729767600,155.03,157.59
1729768500,154.47,157.11
1729769400,209.55,209.55
1729770300,156.56,159.44
1729771200,106.45,106.45
1729772100,106.45,106.45
1729773000,106.45,106.45
1729773900,106.45,106.45
1729774800,106.45,106.45
1729775700,106.46,106.46
1729776600,106.46,106.46
1729777500,106.46,106.46
1729778400,106.46,106.46
1729779300,100.62,100.62
1729780200,100.62,100.62
1729781100,100.62,100.62
1729782000,100.62,100.62
1729782900,155.52,155.5
1729783800,154.27,154.44
1729784700,154.03,153.9
1729785600,92.43,92.43
1729786500,92.23,92.23
1729787400,92.23,92.23
1729788300,92.23,92.23
1729789200,92.23,92.23
1729790100,216.99,216.99
1729791000,216.99,216.99
1729791900,204.08,204.08
1729792800,216.99,216.99
1729793700,212.25,212.25
1729794600,0.0,0.0
1729795500,92.1,92.1
1729796400,92.1,92.1
1729797300,92.23,92.23
1729798200,92.23,92.23
1729799100,92.23,92.23
1729800000,92.23,92.23
1729800900,92.43,92.43
1729801800,92.43,92.43
1729802700,92.43,92.43
1729803600,92.43,92.43
1729804500,101.06,101.06
1729805400,101.06,101.06
1729806300,101.06,101.06
1729807200,101.06,101.06
1729808100,101.28,101.28
1729809000,101.28,101.28
1729809900,101.28,101.28
1729810800,101.28,101.28
1729811700,221.04,221.04
1729812600,138.32,138.32
1729813500,209.55,209.55
1729814400,138.32,138.32
1729815300,139.24,139.24
1729816200,139.24,139.24
1729817100,139.24,139.24
1729818000,139.24,139.24
1729818900,160.56,160.56
1729819800,160.56,160.56
1729820700,160.56,160.56
1729821600,160.56,160.56
1729822500,133.16,133.16
1729823400,133.16,133.16
1729824300,133.16,133.16
1729825200,133.16,133.16
1729826100,0.0,0.0
1729827000,0.0,0.0
1729827900,115.44,115.44
1729828800,115.44,115.44
1729829700,139.59,139.59
1729830600,139.59,139.59
1729831500,139.59,139.59
1729832400,139.59,139.59
1729833300,155.39,155.39
1729834200,155.39,155.39
1729835100,155.39,155.39
1729836000,155.39,155.39
1729836900,155.39,155.39
1729837800,155.39,156.59
1729838700,155.39,156.59
1729839600,155.39,156.59
1729840500,150.74,150.74
1729841400,123.36,123.36
1729842300,122.63,122.63
1729843200,152.09,156.81
1729844100,154.36,158.12
1729845000,154.62,158.36
1729845900,154.68,158.36
1729846800,155.46,159.19
1729847700,155.07,158.69
1729848600,155.96,159.52
1729849500,156.11,159.52
1729850400,155.41,159.52
1729851300,155.44,159.52
1729852200,155.42,159.52
1729853100,154.56,158.63
1729854000,154.62,157.85
1729854900,105.94,105.94
1729855800,105.94,105.94
1729856700,105.94,105.94
1729857600,105.94,105.94
1729858500,101.22,101.22
1729859400,101.22,101.22
1729860300,101.22,101.22
1729861200,101.22,101.22
1729862100,101.02,101.02
1729863000,101.02,101.02
1729863900,101.02,101.02
1729864800,101.02,101.02
1729865700,101.05,101.05
1729866600,101.05,101.05
1729867500,101.05,101.05
1729868400,101.05,101.05
1729869300,93.31,93.31
1729870200,93.31,93.31
1729871100,93.31,93.31
1729872000,93.31,93.31
1729872900,92.62,92.62
1729873800,92.62,92.62
1729874700,92.62,92.62
1729875600,92.62,92.62
1729876500,77.5,77.5
1729877400,77.5,77.5
1729878300,77.5,77.5
1729879200,77.5,77.5
1729880100,77.5,77.5
1729881000,77.5,77.5
1729881900,77.5,77.5
1729882800,77.5,77.5
1729883700,0.0,0.0
1729884600,77.5,77.5
1729885500,77.5,77.5
1729886400,77.5,77.5
1729887300,77.69,77.69
1729888200,77.69,77.69
1729889100,77.69,77.69
1729890000,77.69,77.69
1729890900,92.8,92.8
1729891800,92.8,92.8
1729892700,92.8,92.8
1729893600,92.8,92.8
1729894500,156.83,158.82
1729895400,93.24,93.24
1729896300,93.24,93.24
1729897200,93.24,93.24
1729898100,93.31,93.31
1729899000,93.31,93.31
1729899900,93.31,93.31
1729900800,93.31,93.31
1729901700,104.72,104.72
1729902600,104.72,104.72
1729903500,156.94,158.68
1729904400,157.73,159.42
1729905300,111.88,111.88
1729906200,157.05,158.6
1729907100,157.88,159.44
1729908000,158.31,159.87
1729908900,158.75,160.28
1729909800,158.72,160.22
1729910700,159.46,160.79
1729911600,159.36,160.72
1729912500,104.17,104.17
1729913400,104.17,104.17
1729914300,158.71,159.99
1729915200,158.94,160.28
1729916100,102.59,102.59
1729917000,157.43,158.6
1729917900,157.85,159.06
1729918800,102.59,102.59
1729919700,101.05,101.05
1729920600,101.05,101.05
1729921500,101.05,101.05
1729922400,101.05,101.05
1729923300,100.07,100.07
1729924200,158.07,159.44
1729925100,100.07,100.07
1729926000,157.44,158.6
1729926900,159.1,160.29
1729927800,159.09,160.28
1729928700,159.11,160.28
1729929600,159.0,159.94
1729930500,159.37,160.28
1729931400,159.36,160.28
1729932300,159.31,160.22
1729933200,160.0,161.08
1729934100,158.47,159.44
1729935000,158.79,159.69
1729935900,159.36,160.28
1729936800,159.44,160.28
1729937700,158.74,159.44
1729938600,158.73,159.44
1729939500,158.29,158.98
1729940400,158.52,159.13
1729941300,158.11,158.6
1729942200,106.47,106.47
1729943100,106.47,106.47
1729944000,106.47,106.47
1729944900,93.31,93.31
1729945800,93.31,93.31
1729946700,93.31,93.31
1729947600,93.31,93.31
1729948500,93.31,93.31
1729949400,93.31,93.31
1729950300,93.31,93.31
1729951200,93.31,93.31
1729952100,93.31,93.31
1729953000,93.31,93.31
1729953900,93.31,93.31
1729954800,93.31,93.31
1729955700,157.35,157.64
1729956600,85.46,85.46
1729957500,85.46,85.46
1729958400,85.46,85.46
1729959300,76.89,76.89
1729960200,76.89,76.89
1729961100,76.89,76.89
1729962000,76.89,76.89
1729962900,76.21,76.21
1729963800,76.21,76.21
1729964700,76.21,76.21
1729965600,76.21,76.21
1729966500,76.21,76.21
1729967400,76.21,76.21
1729968300,76.21,76.21
1729969200,76.21,76.21
1729970100,76.21,76.21
1729971000,76.21,76.21
1729971900,76.21,76.21
1729972800,76.21,76.21
1729973700,76.21,76.21
1729974600,76.21,76.21
1729975500,76.21,76.21
1729976400,76.21,76.21
1729977300,77.04,77.04
1729978200,77.04,77.04
1729979100,77.04,77.04
1729980000,77.04,77.04
1729980900,160.36,159.61
1729981800,160.17,159.43
1729982700,155.0,156.7
1729983600,159.03,158.54
1729984500,158.13,157.65
1729985400,94.15,94.15
1729986300,160.37,159.72
1729987200,210.12,210.12
1729988100,209.43,209.43
1729989000,209.55,209.55
1729989900,216.99,216.99
1729990800,216.99,216.99
1729991700,219.19,219.19
1729992600,158.27,160.32
1729993500,214.26,214.26
1729994400,158.23,160.32
1729995300,157.14,159.11
1729996200,117.34,117.34
1729997100,117.34,117.34
1729998000,117.34,117.34
1729998900,156.99,159.08
1729999800,157.0,159.08
1730000700,158.83,159.08
1730001600,157.2,157.42
1730002500,103.31,103.31
1730003400,103.31,103.31
1730004300,157.41,157.65
1730005200,103.31,103.31
1730006100,101.01,101.01
1730007000,101.01,101.01
1730007900,101.01,101.01
1730008800,101.01,101.01
1730009700,101.07,101.07
1730010600,101.07,101.07
1730011500,101.07,101.07
1730012400,101.07,101.07
1730013300,101.12,101.12
1730014200,101.12,101.12
1730015100,101.12,101.12
1730016000,101.12,101.12
1730016900,101.14,101.14
1730017800,101.14,101.14
1730018700,157.88,158.14
1730019600,158.4,158.95
1730020500,101.14,101.14
1730021400,101.14,101.14
1730022300,101.14,101.14
1730023200,101.14,101.14
1730024100,101.14,101.14
1730025000,101.14,101.14
1730025900,101.14,101.14
1730026800,101.14,101.14
1730027700,98.47,98.47
1730028600,155.14,156.11
1730029500,98.47,98.47
1730030400,98.47,98.47
1730031300,94.15,94.15
1730032200,94.15,94.15
1730033100,94.15,94.15
1730034000,94.15,94.15
1730034900,93.92,93.92
1730035800,93.92,93.92
1730036700,93.92,93.92
1730037600,93.92,93.92
1730038500,83.19,83.19
1730039400,83.19,83.19
1730040300,83.19,83.19
1730041200,83.19,83.19
1730042100,75.66,75.66
1730043000,75.66,75.66
1730043900,75.66,75.66
1730044800,75.66,75.66
1730045700,152.28,154.02
1730046600,151.84,153.65
1730047500,151.56,153.46
1730048400,75.64,75.64
1730049300,75.64,75.64
1730050200,75.64,75.64
1730051100,75.64,75.64
1730052000,75.64,75.64
1730052900,75.64,75.64
1730053800,75.64,75.64
1730054700,75.64,75.64
1730055600,75.64,75.64
1730056500,76.87,76.87
1730057400,76.87,76.87
1730058300,76.87,76.87
1730059200,76.87,76.87
1730060100,-48.0,-48.0
1730061000,-0.08,-0.08
1730061900,-0.08,-0.08
1730062800,-0.08,-0.08
1730063700,-0.43,-0.43
1730064600,-0.43,-0.43
1730065500,92.8,92.8
1730066400,92.8,92.8
1730067300,-78.74,-78.74
1730068200,-78.74,-78.74
1730069100,-0.01,-0.01
1730070000,0.0,0.0
1730070900,139.32,139.32
1730071800,139.32,139.32
1730072700,139.32,139.32
1730073600,0.0,0.0
1730074500,0.0,0.0
1730075400,-48.0,-48.0
1730076300,-78.74,-78.74
1730077200,-78.74,-78.74
1730078100,-78.74,-78.74
1730079000,-78.74,-78.74
1730079900,-78.74,-78.74
1730080800,-78.74,-78.74
1730081700,-78.74,-78.74
1730082600,0.0,0.0
1730083500,0.0,0.0
1730084400,0.0,0.0
1730085300,0.0,0.0
1730086200,-48.0,-48.0
1730087100,0.0,0.0
1730088000,0.0,0.0
1730088900,0.0,0.0
1730089800,0.0,0.0
1730090700,0.0,0.0
1730091600,0.0,0.0
1730092500,155.57,155.57
1730093400,155.57,155.57
1730094300,0.0,0.0
1730095200,155.57,155.57
1730096100,139.32,139.32
1730097000,139.32,139.32
1730097900,139.32,139.32
1730098800,139.32,139.32
1730099700,137.77,137.77
1730100600,137.77,137.77
1730101500,137.77,137.77
1730102400,155.9,156.2
1730103300,155.96,156.27
1730104200,156.66,157.12
1730105100,156.65,157.12
1730106000,156.63,157.12
1730106900,156.17,156.66
1730107800,156.31,156.66
1730108700,156.4,156.66
1730109600,154.29,156.66
1730110500,154.51,156.79
1730111400,154.51,156.79
1730112300,154.76,156.79
1730113200,156.87,156.79
1730114100,157.43,157.39
1730115000,157.54,157.39
1730115900,157.47,157.2
1730116800,156.96,156.79
1730117700,156.96,156.79
1730118600,157.38,157.39
1730119500,157.13,157.24
1730120400,156.67,156.79
1730121300,152.19,152.72
1730122200,152.81,154.63
1730123100,152.69,152.69
1730124000,116.6,116.6
1730124900,103.96,103.96
1730125800,103.96,103.96
1730126700,103.96,103.96
1730127600,103.96,103.96
1730128500,107.71,107.71
1730129400,195.5,195.5
1730130300,107.71,107.71
1730131200,107.71,107.71
1730132100,92.37,92.37
1730133000,92.37,92.37
1730133900,92.37,92.37
1730134800,92.37,92.37
1730135700,92.33,92.33
1730136600,92.33,92.33
1730137500,92.33,92.33
1730138400,92.33,92.33
1730139300,92.07,92.07
1730140200,92.07,92.07
1730141100,-0.7,-0.7
1730142000,-0.7,-0.7
1730142900,92.27,92.27
1730143800,92.27,92.27
1730144700,92.27,92.27
1730145600,92.27,92.27
1730146500,92.37,92.37
1730147400,92.37,92.37
1730148300,92.37,92.37
1730149200,92.37,92.37
1730150100,113.39,113.39
1730151000,113.39,113.39
1730151900,113.39,113.39
1730152800,205.04,205.04
1730153700,210.05,210.05
1730154600,214.43,214.43
1730155500,117.8,117.8
1730156400,117.8,117.8
1730157300,139.29,139.29
1730158200,139.29,139.29
1730159100,139.29,139.29
1730160000,139.29,139.29
1730160900,139.33,139.33
1730161800,139.33,139.33
1730162700,139.33,139.33
1730163600,139.33,139.33
1730164500,156.1,155.48
1730165400,156.11,155.48
1730166300,156.09,155.48
1730167200,156.04,155.48
1730168100,138.92,138.92
1730169000,138.92,138.92
1730169900,138.92,138.92
1730170800,138.92,138.92
1730171700,138.71,138.71
1730172600,-48.0,-48.0
1730173500,0.0,0.0
1730174400,0.0,0.0
1730175300,138.9,138.9
1730176200,138.9,138.9
1730177100,154.26,154.15
1730178000,154.76,155.13
1730178900,154.51,154.27
1730179800,154.51,154.27
1730180700,154.5,154.27
1730181600,155.71,155.24
1730182500,155.62,155.24
1730183400,155.66,155.24
1730184300,155.7,155.24
1730185200,155.79,155.24
1730186100,138.93,138.93
1730187000,156.36,155.97
1730187900,156.17,155.91
1730188800,156.03,155.91
1730189700,156.29,156.29
1730190600,156.18,156.29
1730191500,156.08,156.29
1730192400,155.99,156.29
1730193300,156.07,156.45
1730194200,155.99,156.45
1730195100,155.92,156.45
1730196000,155.8,156.45
1730196900,133.7,133.7
1730197800,133.7,133.7
1730198700,133.7,133.7
1730199600,133.7,133.7
1730200500,133.8,133.8
1730201400,133.8,133.8
1730202300,133.8,133.8
1730203200,133.8,133.8
1730204100,139.26,139.26
1730205000,139.26,139.26
1730205900,139.26,139.26
1730206800,139.26,139.26
1730207700,116.36,116.36
1730208600,116.36,116.36
1730209500,116.36,116.36
1730210400,116.36,116.36
1730211300,116.51,116.51
1730212200,116.51,116.51
1730213100,116.51,116.51
1730214000,116.51,116.51
1730214900,101.81,101.81
1730215800,101.81,101.81
1730216700,101.81,101.81
1730217600,101.81,101.81
1730218500,76.9,76.9
1730219400,76.9,76.9
1730220300,76.9,76.9
1730221200,76.9,76.9
1730222100,77.3,77.3
1730223000,77.3,77.3
1730223900,77.3,77.3
1730224800,77.3,77.3
1730225700,78.08,78.08
1730226600,78.08,78.08
1730227500,78.08,78.08
1730228400,78.08,78.08
1730229300,99.38,99.38
1730230200,99.38,99.38
1730231100,99.38,99.38
1730232000,99.38,99.38
1730232900,87.14,87.14
1730233800,87.14,87.14
1730234700,87.14,87.14
1730235600,87.14,87.14
1730236500,100.42,100.42
1730237400,100.42,100.42
1730238300,100.42,100.42
1730239200,100.42,100.42
1730240100,109.13,109.13
1730241000,109.13,109.13
1730241900,109.13,109.13
1730242800,109.13,109.13
1730243700,139.31,139.31
1730244600,139.31,139.31
1730245500,139.31,139.31
1730246400,139.31,139.31
1730247300,117.02,117.02
1730248200,117.02,117.02
1730249100,117.02,117.02
1730250000,117.02,117.02
1730250900,116.97,116.97
1730251800,116.97,116.97
1730252700,116.97,116.97
1730253600,116.97,116.97
1730254500,109.93,109.93
1730255400,109.93,109.93
1730256300,109.93,109.93
1730257200,109.93,109.93
1730258100,100.4,100.4
1730259000,100.4,100.4
1730259900,100.4,100.4
1730260800,100.4,100.4
1730261700,100.58,100.58
1730262600,100.58,100.58
1730263500,100.58,100.58
1730264400,100.58,100.58
1730265300,110.68,110.68
1730266200,110.68,110.68
1730267100,110.68,110.68
1730268000,110.68,110.68
1730268900,109.06,109.06
1730269800,109.06,109.06
1730270700,109.06,109.06
1730271600,109.06,109.06
1730272500,116.86,116.86
1730273400,116.86,116.86
1730274300,116.86,116.86
1730275200,116.86,116.86
1730276100,117.02,117.02
1730277000,117.02,117.02
1730277900,117.02,117.02
1730278800,117.02,117.02
1730279700,117.12,117.12
1730280600,117.12,117.12
1730281500,117.12,117.12
1730282400,117.12,117.12
1730283300,116.32,116.32
1730284200,116.32,116.32
1730285100,116.32,116.32
1730286000,116.32,116.32
1730286900,117.33,117.33
1730287800,117.33,117.33
1730288700,117.33,117.33
1730289600,117.33,117.33
1730290500,100.89,100.89
1730291400,100.89,100.89
1730292300,100.89,100.89
1730293200,100.89,100.89
1730294100,116.03,116.03
1730295000,116.03,116.03
1730295900,116.03,116.03
1730296800,116.03,116.03
1730297700,111.96,111.96
1730298600,111.96,111.96
1730299500,111.96,111.96
1730300400,111.96,111.96
1730301300,100.68,100.68
1730302200,100.68,100.68
1730303100,100.68,100.68
1730304000,100.68,100.68
1730304900,92.24,92.24
1730305800,92.24,92.24
1730306700,92.24,92.24
1730307600,92.24,92.24
1730308500,91.76,91.76
1730309400,91.76,91.76
1730310300,91.76,91.76
1730311200,91.76,91.76
1730312100,91.77,91.77
1730313000,91.77,91.77
1730313900,91.77,91.77
1730314800,91.77,91.77
1730315700,92.21,92.21
1730316600,92.21,92.21
1730317500,92.21,92.21
1730318400,92.21,92.21
1730319300,99.85,99.85
1730320200,99.85,99.85
1730321100,99.85,99.85
1730322000,99.85,99.85
1730322900,100.65,100.65
1730323800,100.65,100.65
1730324700,100.65,100.65
1730325600,100.65,100.65
1730326500,105.16,105.16
1730327400,105.16,105.16
1730328300,105.16,105.16
1730329200,105.16,105.16
1730330100,139.28,139.28
1730331000,139.28,139.28
1730331900,139.28,139.28
1730332800,139.28,139.28
1730333700,139.33,139.33
1730334600,139.33,139.33
1730335500,139.33,139.33
1730336400,139.33,139.33
1730337300,140.45,140.45
1730338200,140.45,140.45
1730339100,140.45,140.45
1730340000,140.45,140.45
1730340900,133.11,133.11
1730341800,133.11,133.11
1730342700,133.11,133.11
1730343600,133.11,133.11
1730344500,104.87,104.87
1730345400,104.87,104.87
1730346300,104.87,104.87
1730347200,104.87,104.87
1730348100,128.34,128.34
1730349000,128.34,128.34
1730349900,128.34,128.34
1730350800,128.34,128.34
1730351700,147.98,147.98
1730352600,147.98,147.98
1730353500,147.98,147.98
1730354400,147.98,147.98
1730355300,152.55,152.55
1730356200,152.55,152.55
1730357100,152.55,152.55
1730358000,152.55,152.55
1730358900,139.33,139.33
1730359800,139.33,139.33
1730360700,139.33,139.33
1730361600,139.33,139.33
1730362500,135.29,135.29
1730363400,135.29,135.29
1730364300,135.29,135.29
1730365200,135.29,135.29
1730366100,135.3,135.3
1730367000,135.3,135.3
1730367900,135.3,135.3
1730368800,135.3,135.3
1730369700,135.3,135.3
1730370600,135.3,135.3
1730371500,135.3,135.3
1730372400,135.3,135.3
1730373300,130.87,130.87
1730374200,130.87,130.87
1730375100,130.87,130.87
1730376000,130.87,130.87
1730376900,132.91,132.91
1730377800,132.91,132.91
1730378700,132.91,132.91
1730379600,132.91,132.91
1730380500,105.14,105.14
1730381400,105.14,105.14
1730382300,105.14,105.14
1730383200,105.14,105.14
1730384100,105.14,105.14
1730385000,105.14,105.14
1730385900,105.14,105.14
1730386800,105.14,105.14
1730387700,112.58,112.58
1730388600,112.58,112.58
1730389500,112.58,112.58
1730390400,112.58,112.58
1730391300,103.44,103.44
1730392200,103.44,103.44
1730393100,103.44,103.44
1730394000,103.44,103.44
1730394900,102.83,102.83
1730395800,102.83,102.83
1730396700,102.83,102.83
1730397600,102.83,102.83
1730398500,91.75,91.75
1730399400,91.75,91.75
1730400300,91.75,91.75
1730401200,91.75,91.75
1730402100,101.85,101.85
1730403000,101.85,101.85
1730403900,101.85,101.85
1730404800,101.85,101.85
1730405700,103.45,103.45
1730406600,103.45,103.45
1730407500,103.45,103.45
1730408400,103.45,103.45
1730409300,106.6,106.6
1730410200,106.6,106.6
1730411100,106.6,106.6
1730412000,106.6,106.6
1730412900,131.3,131.3
1730413800,131.3,131.3
1730414700,131.3,131.3
1730415600,131.3,131.3
1730416500,151.13,151.13
1730417400,151.13,151.13
1730418300,151.13,151.13
1730419200,151.13,151.13
1730420100,150.53,150.53
1730421000,150.53,150.53
1730421900,150.53,150.53
1730422800,150.53,150.53
1730423700,145.71,145.71
1730424600,145.71,145.71
1730425500,145.71,145.71
1730426400,145.71,145.71
1730427300,135.22,135.22
1730428200,135.22,135.22
1730429100,135.22,135.22
1730430000,135.22,135.22
1730430900,116.31,116.31
1730431800,116.31,116.31
1730432700,116.31,116.31
1730433600,116.31,116.31
1730434500,113.82,113.82
1730435400,113.82,113.82
1730436300,113.82,113.82
1730437200,113.82,113.82
1730438100,114.22,114.22
1730439000,114.22,114.22
1730439900,114.22,114.22
1730440800,114.22,114.22
1730441700,113.0,113.0
1730442600,113.0,113.0
1730443500,113.0,113.0
1730444400,113.0,113.0
1730445300,131.17,131.17
1730446200,131.17,131.17
1730447100,131.17,131.17
1730448000,131.17,131.17
1730448900,131.26,131.26
1730449800,131.26,131.26
1730450700,131.26,131.26
1730451600,131.26,131.26
1730452500,131.26,131.26
1730453400,131.26,131.26
1730454300,131.26,131.26
1730455200,131.26,131.26
1730456100,107.08,107.08
1730457000,107.08,107.08
1730457900,107.08,107.08
1730458800,107.08,107.08
1730459700,103.42,103.42
1730460600,103.42,103.42
1730461500,103.42,103.42
1730462400,103.42,103.42
1730463300,103.42,103.42
1730464200,103.42,103.42
1730465100,103.42,103.42
1730466000,103.42,103.42
1730466900,103.42,103.42
1730467800,103.42,103.42
1730468700,103.42,103.42
1730469600,103.42,103.42
1730470500,103.42,103.42
1730471400,103.42,103.42
1730472300,103.42,103.42
1730473200,103.42,103.42
1730474100,104.31,104.31
1730475000,104.31,104.31
1730475900,104.31,104.31
1730476800,104.31,104.31
1730477700,103.05,103.05
1730478600,103.05,103.05
1730479500,103.05,103.05
1730480400,103.05,103.05
1730481300,102.64,102.64
1730482200,102.64,102.64
1730483100,102.64,102.64
1730484000,102.64,102.64
1730484900,87.43,87.43
1730485800,87.43,87.43
1730486700,87.43,87.43
1730487600,87.43,87.43
1730488500,102.83,102.83
1730489400,102.83,102.83
1730490300,102.83,102.83
1730491200,102.83,102.83
1730492100,103.18,103.18
1730493000,103.18,103.18
1730493900,103.18,103.18
1730494800,103.18,103.18
1730495700,103.81,103.81
1730496600,103.81,103.81
1730497500,103.81,103.81
1730498400,103.81,103.81
1730499300,104.3,104.3
1730500200,104.3,104.3
1730501100,104.3,104.3
1730502000,104.3,104.3
1730502900,107.25,107.25
1730503800,107.25,107.25
1730504700,107.25,107.25
1730505600,107.25,107.25
1730506500,107.89,107.89
1730507400,107.89,107.89
1730508300,107.89,107.89
1730509200,107.89,107.89
1730510100,116.19,116.19
1730511000,116.19,116.19
1730511900,116.19,116.19
1730512800,116.19,116.19
1730513700,148.12,148.12
1730514600,148.12,148.12
1730515500,148.12,148.12
1730516400,148.12,148.12
1730517300,107.6,107.6
1730518200,107.6,107.6
1730519100,107.6,107.6
1730520000,107.6,107.6
1730520900,107.6,107.6
1730521800,107.6,107.6
1730522700,107.6,107.6
1730523600,107.6,107.6
1730524500,107.52,107.52
1730525400,107.52,107.52
1730526300,107.52,107.52
1730527200,107.52,107.52
1730528100,107.68,107.68
1730529000,107.68,107.68
1730529900,107.68,107.68
1730530800,107.68,107.68
1730531700,107.3,107.3
1730532600,107.3,107.3
1730533500,107.3,107.3
1730534400,107.3,107.3
1730535300,107.95,107.95
1730536200,107.95,107.95
1730537100,107.95,107.95
1730538000,107.95,107.95
1730538900,108.08,108.08
1730539800,108.08,108.08
1730540700,108.08,108.08
1730541600,108.08,108.08
1730542500,108.14,108.14
1730543400,108.14,108.14
1730544300,108.14,108.14
1730545200,108.14,108.14
1730546100,108.2,108.2
1730547000,108.2,108.2
1730547900,108.2,108.2
1730548800,108.2,108.2
1730549700,106.76,106.76
1730550600,106.76,106.76
1730551500,106.76,106.76
1730552400,106.76,106.76
1730553300,106.85,106.85
1730554200,106.85,106.85
1730555100,106.85,106.85
1730556000,106.85,106.85
1730556900,104.76,104.76
1730557800,104.76,104.76
1730558700,104.76,104.76
1730559600,104.76,104.76
1730560500,106.63,106.63
1730561400,106.63,106.63
1730562300,106.63,106.63
1730563200,106.63,106.63
1730564100,92.24,92.24
1730565000,92.24,92.24
1730565900,92.24,92.24
1730566800,92.24,92.24
1730567700,87.58,87.58
1730568600,87.58,87.58
1730569500,87.58,87.58
1730570400,87.58,87.58
1730571300,87.11,87.11
1730572200,87.11,87.11
1730573100,87.11,87.11
1730574000,87.11,87.11
1730574900,87.42,87.42
1730575800,87.42,87.42
1730576700,87.42,87.42
1730577600,87.42,87.42
1730578500,92.45,92.45
1730579400,92.45,92.45
1730580300,92.45,92.45
1730581200,92.45,92.45
1730582100,92.45,92.45
1730583000,92.45,92.45
1730583900,92.45,92.45
1730584800,92.45,92.45
1730585700,92.7,92.7
1730586600,92.7,92.7
1730587500,92.7,92.7
1730588400,92.7,92.7
1730589300,104.63,104.63
1730590200,104.63,104.63
1730591100,104.63,104.63
1730592000,104.63,104.63
1730592900,104.63,104.63
1730593800,104.63,104.63
1730594700,104.63,104.63
1730595600,104.63,104.63
1730596500,104.63,104.63
1730597400,104.63,104.63
1730598300,104.63,104.63
1730599200,104.63,104.63
1730600100,104.0,104.0
1730601000,104.0,104.0
1730601900,104.0,104.0
1730602800,104.0,104.0
1730603700,0.0,0.0
1730604600,0.0,0.0
1730605500,0.0,0.0
1730606400,0.0,0.0
1730607300,87.3,87.3
1730608200,87.3,87.3
1730609100,87.3,87.3
1730610000,87.3,87.3
1730610900,104.57,104.57
1730611800,0.0,0.0
1730612700,104.57,104.57
1730613600,104.57,104.57
1730614500,104.57,104.57
1730615400,104.57,104.57
1730616300,104.57,104.57
1730617200,104.57,104.57
1730618100,108.6,108.6
1730619000,108.6,108.6
1730619900,108.6,108.6
1730620800,108.6,108.6
1730621700,109.96,109.96
1730622600,109.96,109.96
1730623500,109.96,109.96
1730624400,109.96,109.96
1730625300,109.97,109.97
1730626200,109.97,109.97
1730627100,109.97,109.97
1730628000,109.97,109.97
1730628900,109.97,109.97
1730629800,109.97,109.97
1730630700,109.97,109.97
1730631600,109.97,109.97
1730632500,109.58,109.58
1730633400,109.58,109.58
1730634300,109.58,109.58
1730635200,109.58,109.58
1730636100,108.46,108.46
1730637000,108.46,108.46
1730637900,108.46,108.46
1730638800,108.46,108.46
1730639700,108.85,108.85
1730640600,108.85,108.85
1730641500,108.85,108.85
1730642400,108.85,108.85
1730643300,105.6,105.6
1730644200,105.6,105.6
1730645100,105.6,105.6
1730646000,105.6,105.6
1730646900,103.98,103.98
1730647800,103.98,103.98
1730648700,103.98,103.98
1730649600,103.98,103.98
1730650500,87.53,87.53
1730651400,87.53,87.53
1730652300,87.53,87.53
1730653200,87.53,87.53
1730654100,87.42,87.42
1730655000,87.42,87.42
1730655900,87.42,87.42
1730656800,87.42,87.42
1730657700,86.95,86.95
1730658600,86.95,86.95
1730659500,86.95,86.95
1730660400,86.95,86.95
1730661300,87.27,87.27
1730662200,87.27,87.27
1730663100,87.27,87.27
1730664000,87.27,87.27
1730664900,102.49,102.49
1730665800,102.49,102.49
1730666700,102.49,102.49
1730667600,102.49,102.49
1730668500,104.14,104.14
1730669400,104.14,104.14
1730670300,104.14,104.14
1730671200,104.14,104.14
1730672100,115.78,115.78
1730673000,115.78,115.78
1730673900,115.78,115.78
1730674800,115.78,115.78
1730675700,131.3,131.3
1730676600,131.3,131.3
1730677500,131.3,131.3
1730678400,131.3,131.3
1730679300,149.56,149.56
1730680200,140.13,140.43
1730681100,149.56,149.56
1730682000,149.56,149.56
1730682900,137.97,137.97
1730683800,137.97,137.97
1730684700,0.0,115.25
1730685600,137.97,137.97
1730686500,134.96,134.96
1730687400,134.96,134.96
1730688300,134.96,134.96
1730689200,134.96,134.96
1730690100,116.58,116.58
1730691000,116.58,116.58
1730691900,116.58,116.58
1730692800,116.58,116.58
1730693700,116.58,116.58
1730694600,116.58,116.58
1730695500,116.58,116.58
1730696400,116.58,116.58
1730697300,131.3,131.3
1730698200,131.3,131.3
1730699100,131.3,131.3
1730700000,131.3,131.3
1730700900,131.4,131.4
1730701800,131.4,131.4
1730702700,131.4,131.4
1730703600,131.4,131.4
1730704500,131.35,131.35
1730705400,131.35,131.35
1730706300,131.35,131.35
1730707200,131.35,131.35
1730708100,127.26,127.26
1730709000,127.26,127.26
1730709900,127.26,127.26
1730710800,127.26,127.26
1730711700,127.32,127.32
1730712600,127.32,127.32
1730713500,127.32,127.32
1730714400,127.32,127.32
1730715300,116.78,116.78
1730716200,116.78,116.78
1730717100,116.78,116.78
1730718000,116.78,116.78
1730718900,116.73,116.73
1730719800,116.73,116.73
1730720700,116.73,116.73
1730721600,116.73,116.73
1730722500,106.73,106.73
1730723400,106.73,106.73
1730724300,106.73,106.73
1730725200,106.73,106.73
1730726100,106.56,106.56
1730727000,106.56,106.56
1730727900,106.56,106.56
1730728800,106.56,106.56
1730729700,104.12,104.12
1730730600,104.12,104.12
1730731500,104.12,104.12
1730732400,104.12,104.12
1730733300,103.72,103.72
1730734200,103.72,103.72
1730735100,103.72,103.72
1730736000,103.72,103.72
1730736900,92.74,92.74
1730737800,92.74,92.74
1730738700,92.74,92.74
1730739600,92.74,92.74
1730740500,87.46,87.46
1730741400,87.46,87.46
1730742300,87.46,87.46
1730743200,87.46,87.46
1730744100,87.49,87.49
1730745000,87.49,87.49
1730745900,87.49,87.49
1730746800,87.49,87.49
1730747700,87.52,87.52
1730748600,87.52,87.52
1730749500,87.52,87.52
1730750400,87.52,87.52
1730751300,102.64,102.64
1730752200,102.64,102.64
1730753100,102.64,102.64
1730754000,102.64,102.64
1730754900,104.21,104.21
1730755800,104.21,104.21
1730756700,104.21,104.21
1730757600,104.21,104.21
1730758500,106.62,106.62
1730759400,106.62,106.62
1730760300,106.62,106.62
1730761200,106.62,106.62
1730762100,117.37,117.37
1730763000,117.37,117.37
1730763900,117.37,117.37
1730764800,117.37,117.37
1730765700,136.94,136.94
1730766600,136.94,136.94
1730767500,136.94,136.94
1730768400,136.94,136.94
1730769300,136.94,136.94
1730770200,136.94,136.94
1730771100,0.0,115.61
1730772000,0.0,0.0
1730772900,0.0,0.0
1730773800,0.0,0.0
1730774700,0.0,0.0
1730775600,-48.0,-48.0
1730776500,-79.28,-79.28
1730777400,-79.28,-79.28
1730778300,-79.28,-79.28
1730779200,-48.0,-48.0
1730780100,0.0,0.0
1730781000,0.0,0.0
1730781900,0.0,114.27
1730782800,0.0,116.4
1730783700,137.63,137.63
1730784600,137.63,137.63
1730785500,137.63,137.63
1730786400,137.63,137.63
1730787300,136.87,136.87
1730788200,136.87,136.87
1730789100,136.87,136.87
1730790000,136.87,136.87
1730790900,136.13,136.13
1730791800,136.13,136.13
1730792700,136.13,136.13
1730793600,136.13,136.13
1730794500,131.98,131.98
1730795400,131.98,131.98
1730796300,131.98,131.98
1730797200,131.98,131.98
1730798100,132.17,132.17
1730799000,132.17,132.17
1730799900,132.17,132.17
1730800800,132.17,132.17
1730801700,127.56,127.56
1730802600,120.49,120.49
1730803500,127.56,127.56
1730804400,127.56,127.56
1730805300,127.62,127.62
1730806200,127.62,127.62
1730807100,127.62,127.62
1730808000,127.62,127.62
1730808900,107.46,107.46
1730809800,107.46,107.46
1730810700,107.46,107.46
1730811600,107.46,107.46
1730812500,105.14,105.14
1730813400,105.14,105.14
1730814300,105.14,105.14
1730815200,105.14,105.14
1730816100,104.95,104.95
1730817000,104.95,104.95
1730817900,104.95,104.95
1730818800,104.95,104.95
1730819700,103.68,103.68
1730820600,0.0,0.0
1730821500,0.0,0.0
1730822400,103.68,103.68
1730823300,87.6,87.6
1730824200,87.6,87.6
1730825100,87.6,87.6
1730826000,87.6,87.6
1730826900,87.6,87.6
1730827800,87.6,87.6
1730828700,87.6,87.6
1730829600,87.6,87.6
1730830500,87.42,87.42
1730831400,87.42,87.42
1730832300,87.42,87.42
1730833200,87.42,87.42
1730834100,87.56,87.56
1730835000,87.56,87.56
1730835900,87.56,87.56
1730836800,87.56,87.56
1730837700,92.08,92.08
1730838600,92.08,92.08
1730839500,92.08,92.08
1730840400,92.08,92.08
1730841300,115.55,115.55
1730842200,115.78,115.78
1730843100,115.78,115.78
1730844000,115.78,115.78
1730844900,116.79,116.79
1730845800,116.79,116.79
1730846700,116.79,116.79
1730847600,116.79,116.79
1730848500,131.58,131.58
1730849400,131.58,131.58
1730850300,114.92,114.92
1730851200,0.0,0.0
1730852100,137.89,137.89
1730853000,115.73,115.73
1730853900,-48.0,-48.0
1730854800,-79.28,-79.28
1730855700,-79.28,-79.28
1730856600,-79.28,-79.28
1730857500,-79.28,-79.28
1730858400,-79.28,-79.28
1730859300,-79.28,-79.28
1730860200,-79.28,-79.28
1730861100,-79.28,-79.28
1730862000,-79.28,-79.28
1730862900,-79.28,-79.28
1730863800,-79.28,-79.28
1730864700,-79.28,-79.28
1730865600,-79.28,-79.28
1730866500,-79.28,-79.28
1730867400,-79.28,-79.28
1730868300,-79.28,-79.28
1730869200,-48.0,-48.0
1730870100,0.0,0.0
1730871000,0.0,0.0
1730871900,117.11,117.11
1730872800,117.11,117.11
1730873700,117.11,117.11
1730874600,117.11,117.11
1730875500,117.11,117.11
1730876400,117.11,117.11
1730877300,117.26,117.26
1730878200,117.26,117.26
1730879100,117.26,117.26
1730880000,117.26,117.26
1730880900,127.56,127.56
1730881800,127.56,127.56
1730882700,127.56,127.56
1730883600,127.56,127.56
1730884500,117.52,117.52
1730885400,117.52,117.52
1730886300,117.52,117.52
1730887200,117.52,117.52
1730888100,117.52,117.52
1730889000,117.52,117.52
1730889900,117.52,117.52
1730890800,117.52,117.52
1730891700,117.53,117.53
1730892600,117.53,117.53
1730893500,117.53,117.53
1730894400,117.53,117.53
1730895300,113.81,113.81
1730896200,113.81,113.81
1730897100,113.81,113.81
1730898000,113.81,113.81
1730898900,113.61,113.61
1730899800,113.61,113.61
1730900700,113.61,113.61
1730901600,113.61,113.61
1730902500,109.09,109.09
1730903400,109.09,109.09
1730904300,109.09,109.09
1730905200,109.09,109.09
1730906100,103.65,103.65
1730907000,103.65,103.65
1730907900,103.65,103.65
1730908800,103.65,103.65
1730909700,89.39,89.39
1730910600,89.39,89.39
1730911500,89.39,89.39
1730912400,89.39,89.39
1730913300,89.39,89.39
1730914200,89.39,89.39
1730915100,89.39,89.39
1730916000,89.39,89.39
1730916900,89.48,89.48
1730917800,89.48,89.48
1730918700,89.48,89.48
1730919600,89.48,89.48
1730920500,89.48,89.48
1730921400,89.48,89.48
1730922300,89.48,89.48
1730923200,89.48,89.48
1730924100,102.16,102.16
1730925000,102.16,102.16
1730925900,102.16,102.16
1730926800,102.16,102.16
1730927700,114.48,114.48
1730928600,114.48,114.48
1730929500,114.48,114.48
1730930400,114.48,114.48
1730931300,107.74,107.74
1730932200,107.74,107.74
1730933100,107.74,107.74
1730934000,107.74,107.74
1730934900,117.84,117.84
1730935800,117.84,117.84
1730936700,117.84,117.84
1730937600,117.84,117.84
1730938500,136.21,136.21
1730939400,136.21,136.21
1730940300,136.21,136.21
1730941200,136.21,136.21
1730942100,155.07,155.07
1730943000,155.07,155.07
1730943900,155.07,155.07
1730944800,155.07,155.07
1730945700,136.87,136.87
1730946600,136.87,136.87
1730947500,136.87,136.87
1730948400,136.87,136.87
1730949300,116.13,116.13
1730950200,116.13,116.13
1730951100,116.13,116.13
1730952000,116.13,116.13
1730952900,116.84,116.84
1730953800,116.84,116.84
1730954700,116.84,116.84
1730955600,116.84,116.84
1730956500,116.84,116.84
1730957400,116.84,116.84
1730958300,116.84,116.84
1730959200,116.84,116.84
1730960100,116.84,116.84
1730961000,116.84,116.84
1730961900,116.84,116.84
1730962800,116.84,116.84
1730963700,151.02,151.02
1730964600,151.02,151.02
1730965500,151.02,151.02
1730966400,151.02,151.02
1730967300,137.03,137.03
1730968200,137.03,137.03
1730969100,137.03,137.03
1730970000,137.03,137.03
1730970900,117.44,117.44
1730971800,117.44,117.44
1730972700,117.44,117.44
1730973600,117.44,117.44
1730974500,117.51,117.51
1730975400,117.51,117.51
1730976300,117.51,117.51
1730977200,117.51,117.51
1730978100,114.94,114.94
1730979000,114.94,114.94
1730979900,114.94,114.94
1730980800,114.94,114.94
1730981700,107.66,107.66
1730982600,107.66,107.66
1730983500,107.66,107.66
1730984400,107.66,107.66
1730985300,111.71,111.71
1730986200,111.71,111.71
1730987100,111.71,111.71
1730988000,111.71,111.71
1730988900,104.64,104.64
1730989800,104.64,104.64
1730990700,104.64,104.64
1730991600,104.64,104.64
